RELATÓRIO POR CULTURAS DO SISTEMA ASPA/AGROGEO-ANO2019;;;;;;
ESTADO DO RIO DE JANEIRO;;;;;;
;;;;;;
CULTURAS/MUNICIPIOS;Nº  PRODUTORES;PRODUÇÃO COLHIDA (t);ÁREA COLHIDA (ha);PREÇO   (R$/KG);PRODUTIVIDADE    (t/ha);
GRUPO : Fruticultura;;;;;;
CULTURA : ABACATE;;;;;;FATURAMENTO BRUTO(R$)
Duas Barras ;27;23,6;1,4;1,4697;16,86;
Rio de Janeiro ;28;122,19;16,18;1,1493;7,55;
Trajano de Morais ;10;30;2;1,6;15;34.685,00
Varre-Sai ;1;21;9;2;2,33;140.429,40
TOTAL ABACATE ;66;196,79;28,58;1,3472;6,89;48.000,00
CULTURA : ABACAXI;;;;;;42.000,00
Cachoeiras de Macacu ;2;22,5;0,8;0,8;28,13;265.114,40
Campos dos Goytacases ;197;4.710,00;242;1,3866;19,46;
São Francisco de Itabapoana ;409;101.780,00;4.056,00;1,1704;25,09;18.000,00
São João da Barra ;141;9.371,00;304;1,6156;30,83;6.530.750,00
São Pedro da Aldeia ;2;49;2,25;1,9347;21,78;119.120.000,00
Silva Jardim ;9;114;7;2,4123;16,29;15.139.890,00
TOTAL ABACAXI ;760;116.046,50;4.612,05;1,2166;25,16;94.800,00
CULTURA : ACEROLA;;;;;;275.000,00
Araruama ;5;22,65;3,5;1,15;6,47;141.178.440,00
Cachoeiras de Macacu ;1;4,8;2,5;10;1,92;
TOTAL ACEROLA ;6;27,45;6;2,6975;4,58;26.047,50
CULTURA : BANANA;;;;;;48.000,00
Angra dos Reis ;33;204;26,5;3,5;7,7;74.047,50
Areal ;2;48,34;6,27;1,7286;7,71;
Barra do Pirai ;6;71,65;6;2,964;11,94;714.000,00
Cambuci ;30;778;40;1,3465;19,45;83.559,60
Casimiro de Abreu ;112;1.690,00;180;1,2379;9,39;212.369,00
Comendador Levy Gasparian ;3;48,39;6,2;1,689;7,8;1.047.550,00
Conceição de Macabu ;17;113;12,5;2,1615;9,04;2.092.000,00
Guapimirim ;40;1.196,00;167;1,5568;7,16;81.730,80
Itaboraí ;14;302,26;27,9;0,9883;10,83;244.250,00
Itaguaí ;80;1.840,00;320;1,481;5,75;1.861.900,00
Italva ;10;222;25;1,2832;8,88;298.710,00
Laje do Muriae ;2;9,5;0,8;1,8947;11,88;2.725.000,00
Macaé ;10;542,9;30;2,1336;18,1;284.860,00
Magé ;24;436;61;1,9388;7,15;18.000,00
Maricá ;9;114,5;10,5;0,8886;10,9;1.158.332,00
Mendes ;5;80,35;12;2,8007;6,7;845.300,00
Miracema ;6;249,24;28,08;2,4401;8,88;101.750,00
Natividade ;1;6,53;1;1,4234;6,53;225.037,50
Paracambi ;60;436,5;65;2,1993;6,72;608.174,50
Paraty ;280;1.439,00;180;5,0651;7,99;9.295,00
Petrópolis ;31;218,5;18,9;1,7068;11,56;960.000,00
Porciúncula ;18;287;16;1,0333;17,94;7.288.700,00
Porto Real ;4;73,8;11,5;3,3169;6,42;372.925,00
Quatis ;4;73;12;2,7627;6,08;296.550,00
Rio das Flores ;4;18,15;1,4;1,7076;12,96;244.785,00
Rio das Ostras ;7;33,2;10,2;1,8438;3,25;201.675,00
Santo Antônio de Pádua ;22;140,4;13;2,0692;10,8;30.992,50
São Fidélis ;33;138,72;21,28;0,677;6,52;61.213,00
Seropédica ;129;2.997,00;727;0,9914;4,12;290.520,00
Tanguá ;12;120,9;10;1,0382;12,09;93.911,50
Três Rios ;4;41,82;4,6;1,7319;9,09;2.971.150,00
Valença ;23;509,65;92,04;3,3006;5,54;125.515,00
TOTAL BANANA ;1.035;14.480,30;2.143,67;1,8856;6,75;72.427,40
CULTURA : BANANA NANICA;;;;;;1.682.166,00
Bom Jardim ;170;946;75;0,6194;12,61;27.304.348,80
Bom Jesus do Itabapoana ;4;55,5;4,9;0,5143;11,33;
Cachoeiras de Macacu ;30;236;23,7;0,914;9,96;585.970,00
Campos dos Goytacases ;54;253;24,5;1,1762;10,33;28.545,00
Cordeiro ;2;45;3,6;1,1667;12,5;215.700,00
Duque de Caxias ;15;311;51;2,5828;6,1;297.570,00
Engenheiro Paulo de Frontin ;15;86,5;10,7;1,7526;8,08;52.500,00
Japeri ;65;583;57;0,7786;10,23;803.250,00
Macaé ;38;688;109,1;0,4798;6,31;151.600,00
Niterói ;3;33;3;1,95;11;453.900,00
Nova Friburgo ;84;1.214,45;102;1,7422;11,91;330.100,00
Nova Iguaçu ;135;777;115;0,757;6,76;64.350,00
Pinheiral ;13;423,5;36,3;1,8809;11,67;2.115.770,00
Piraí ;30;1.894,20;239,61;1,7013;7,91;588.170,00
Queimados ;22;102,5;6,02;0,9268;17,03;796.561,00
Rio Bonito ;70;1.785,00;124;0,8479;14,4;3.222.577,00
Rio Claro ;8;1.484,73;108,7;2,0034;13,66;95.000,00
Rio de Janeiro ;45;629,73;54,6;0,877;11,53;1.513.500,00
Santa Maria Madalena ;24;7.960,57;568,52;1,4079;14;2.974.494,50
São Gonçalo ;15;88;8;1,9195;11;552.282,00
Silva Jardim ;52;1.510,00;120;0,7868;12,58;11.207.684,10
Sumidouro ;48;2.171,20;158;1,0684;13,74;168.916,00
Trajano de Morais ;92;3.812,00;317;1,5497;12,03;1.188.000,00
Varre-Sai ;3;36,5;6;0,9975;6,08;2.319.752,00
Vassouras ;7;40,1;3,6;2,2057;11,14;5.907.440,00
TOTAL BANANA NANICA ;1.044;27.166,48;2.329,85;1,3163;11,66;36.410,00
CULTURA : BANANA PRATA;;;;;;88.450,00
Armação dos Búzios ;4;36,3;3;2,8711;12,1;35.758.491,60
Bom Jardim ;85;242;24;0,8986;10,08;
Cabo Frio ;7;88;9;2,777;9,78;104.220,00
Cachoeiras de Macacu ;70;1.574,00;147;1,0175;10,71;217.470,00
Campos dos Goytacases ;56;251;24,8;1,6508;10,12;244.375,00
Carmo ;5;14,12;1,22;1,6357;11,57;1.601.600,00
Cordeiro ;2;72;6,3;1,3;11,43;414.350,00
Duas Barras ;55;811;61,6;1,434;13,17;23.095,70
Duque de Caxias ;20;639;90,5;3,3375;7,06;93.600,00
Engenheiro Paulo de Frontin ;19;160,5;18,35;1,9414;8,75;1.162.950,00
Iguaba Grande ;3;20,1;2;3,3159;10,05;2.132.650,00
Itaperuna ;2;120,9;9,4;1,3955;12,86;311.600,00
Japeri ;99;850;69;0,867;12,32;66.650,00
Laje do Muriae ;3;29,2;1,75;1,8527;16,69;168.720,00
Macaé ;47;640;112,11;0,5287;5,71;736.940,00
Mangaratiba ;240;20.204,00;2.830,00;1,5112;7,14;54.100,00
Maricá ;30;136,12;19,5;0,8589;6,98;338.350,00
Natividade ;1;16,58;1;1,3718;16,58;30.532.000,00
Niterói ;2;16;2;2,5835;8;116.918,00
Nova Friburgo ;60;675,3;60;2,2019;11,26;22.745,00
Nova Iguaçu ;96;499;78;0,8718;6,4;41.336,00
Paraíba do Sul ;12;311,3;28,49;2,0147;10,93;1.486.975,00
Pinheiral ;13;753,3;108,22;2,4558;6,96;435.010,00
Piraí ;30;801,25;133,08;2,2029;6,02;627.183,00
Queimados ;22;113,75;8,72;0,9217;13,04;1.849.935,00
Rio Bonito ;52;1.032,00;86;1,0233;12;1.765.062,50
Rio Claro ;14;591,45;136,9;1,8593;4,32;104.839,50
Rio das Flores ;4;7,5;1,2;1,722;6,25;1.056.000,00
Rio de Janeiro ;103;3.257,60;417,72;1,1421;7,8;1.099.666,00
Santa Maria Madalena ;10;2.640,00;240;1,8164;11;12.915,00
São Gonçalo ;10;48;6;2,4345;8;3.720.652,00
São José do Vale do Rio Preto ;12;150;12;1,2007;12,5;4.795.296,00
São Pedro da Aldeia ;15;150,6;15;3,2967;10,04;116.856,00
Saquarema ;210;2.660,00;502;1,1664;5,3;180.110,00
Silva Jardim ;43;771;142;1,0759;5,43;496.480,00
Sumidouro ;112;2.520,00;252;1,3822;10;3.102.500,00
Trajano de Morais ;51;1.993,46;165,6;2,0303;12,04;829.500,00
Vassouras ;14;99;9,65;2,2616;10,26;3.483.200,00
TOTAL BANANA PRATA ;1.633;44.995,33;5.835,11;1,5072;7,71;4.047.347,00
CULTURA : CAJU;;;;;;223.900,00
São Pedro da Aldeia ;1;4,7;0,6;1,9064;7,83;67.817.096,70
TOTAL CAJU ;1;4,7;0,6;1,9064;7,83;
CULTURA : CAQUI;;;;;;8.960,00
Cordeiro ;1;570;19;3,1842;30;8.960,00
Duas Barras ;14;469;22,5;1,1284;20,84;
Mangaratiba ;28;312;28;2,0353;11,14;1.815.000,00
Nova Friburgo ;41;929;41;2,1413;22,66;529.200,00
Rio de Janeiro ;59;655;40;1,4977;16,38;635.000,00
São Gonçalo ;11;51;7,5;2,4904;6,8;1.989.300,00
São José do Vale do Rio Preto ;10;6.150,00;205;0,5177;30;981.000,00
Sumidouro ;123;4.630,00;198;2,3991;23,38;127.010,00
Trajano de Morais ;24;170;17;2,3265;10;3.183.600,00
Valença ;2;12,1;0,6;3,6157;20,17;11.107.940,00
Varre-Sai ;6;27;10;2,5;2,7;395.500,00
TOTAL CAQUI ;319;13.975,10;588,6;1,4937;23,74;43.750,00
CULTURA : COCO VERDE;;;;;;67.500,00
Aperibé ;6;80;5;1,34;16;20.874.800,00
Araruama ;18;2.193,00;80;1,7277;27,41;
Armação dos Búzios ;2;16,5;1;2,9509;16,5;107.200,00
Cabo Frio ;5;129;9;2,8589;14,33;3.788.850,00
Cachoeiras de Macacu ;13;619;88;1,4661;7,03;48.690,00
Campos dos Goytacases ;54;158;12,2;1,2703;12,95;368.800,00
Carapebus ;3;38,5;3,5;1,0279;11;907.500,00
Duque de Caxias ;4;107,9;8,95;2,0667;12,06;200.700,00
Guapimirim ;5;202;28,8;1,198;7,01;39.575,00
Itaboraí ;8;41,31;3,86;1,0387;10,7;223.000,00
Itaguaí ;30;2.550,00;110;1,0257;23,18;242.000,00
Italva ;8;376;12;1,3337;31,33;42.909,00
Itaocara ;10;130;8;1,4346;16,25;2.615.500,00
Itaperuna ;6;145,2;9,8;1,2187;14,82;501.486,00
Japeri ;38;764;45;0,9641;16,98;186.500,00
Magé ;11;115;11,5;1,9035;10;176.960,00
Mangaratiba ;14;193;11;1,7777;17,55;736.600,00
Maricá ;7;31,22;21,1;0,7945;1,48;218.900,00
Natividade ;4;84,9;6;1,1837;14,15;343.100,00
Nova Iguaçu ;19;320;24;0,9407;13,33;24.805,50
Paracambi ;3;6;4;2;1,5;100.500,00
Quissamã ;50;16.450,00;700;0,4959;23,5;301.020,00
Rio Bonito ;51;3.710,00;165;1,1434;22,48;12.000,00
Rio das Ostras ;4;48,2;3,5;0,975;13,77;8.157.500,00
Rio de Janeiro ;56;5.030,00;324;0,9474;15,52;4.242.000,00
Santo Antônio de Pádua ;9;180;9;1,8;20;46.994,00
São Fidélis ;6;427,96;30;1,5;14,27;4.765.600,00
São Francisco de Itabapoana ;42;188;77;1,0521;2,44;324.000,00
São Gonçalo ;12;352,5;23,5;1,6119;15;641.940,00
São João da Barra ;52;2.344,50;93;1,0611;25,21;197.800,00
São Pedro da Aldeia ;3;239;7;1,118;34,14;568.200,00
Saquarema ;30;1.649,00;111;1,4018;14,86;2.487.700,00
Seropédica ;38;1.422,00;110;1,0442;12,93;267.200,00
Silva Jardim ;11;353;23;0,9836;15,35;2.311.500,00
Tanguá ;35;442,3;33;1,1458;13,4;1.484.900,00
Três Rios ;1;39,77;3;1,7322;13,26;347.200,00
TOTAL COCO VERDE ;668;41.176,76;2.214,71;0,9133;18,59;506.785,00
CULTURA : FIGO;;;;;;68.890,80
Duas Barras ;1;3,9;0,35;7,9077;11,14;37.604.805,30
TOTAL FIGO ;1;3,9;0,35;7,9077;11,14;
CULTURA : GOIABA;;;;;;30.840,00
Bom Jardim ;92;760;26;2,2559;29,23;30.840,00
Bom Jesus do Itabapoana ;5;231,5;6,5;2,2233;35,62;
Cabo Frio ;5;55,6;3,6;1,7373;15,44;1.714.500,00
Cachoeiras de Macacu ;150;16.630,00;527;1,3446;31,56;514.700,00
Campos dos Goytacases ;12;63;5;0,919;12,6;96.595,00
Duas Barras ;2;17,2;0,69;3,4058;24,93;22.360.000,00
Duque de Caxias ;9;402;24,4;2,4649;16,48;57.900,00
Guapimirim ;9;563;42,1;2,0214;13,37;58.580,00
Itaguaí ;5;241;22;2,8631;10,95;990.900,00
Italva ;2;56,4;3;1,4716;18,8;1.138.050,00
Itaocara ;5;125;6;1,1224;20,83;690.000,00
Japeri ;1;68;2;2,4118;34;83.000,00
Magé ;21;624;26;2,4837;24;140.300,00
Nova Friburgo ;25;478,5;15,5;2,0399;30,87;164.000,00
Nova Iguaçu ;4;198;6;2,5;33;1.549.800,00
São Francisco de Itabapoana ;8;200;10;1,66;20;976.075,00
São João da Barra ;15;485,5;19,5;1,5154;24,9;495.000,00
São Sebastião do Alto ;2;30;1;1,3;30;332.000,00
Seropédica ;2;76,3;4,8;1,5976;15,9;735.750,00
Silva Jardim ;4;86;10;1,2465;8,6;39.000,00
Varre-Sai ;2;10,64;0,7;3;15,2;121.900,00
TOTAL GOIABA ;380;21.401,64;761,79;1,5138;28,09;107.200,00
CULTURA : GRAVIOLA;;;;;;31.920,00
Itaocara ;3;33;3;6,7273;11;32.397.170,00
TOTAL GRAVIOLA ;3;33;3;6,7273;11;
CULTURA : LARANJA;;;;;;222.000,00
Araruama ;155;25.012,50;1.871,00;1,4648;13,37;222.000,00
Bom Jesus do Itabapoana ;3;617,96;103;1,5306;6;
Cabo Frio ;8;52;7;2,575;7,43;36.638.075,00
Cachoeiras de Macacu ;7;374;24,5;1,7557;15,27;945.840,00
Carapebus ;3;37;5;1,2709;7,4;133.900,00
Casimiro de Abreu ;19;201,5;26;1,6846;7,75;656.650,00
Duas Barras ;42;359,6;37,8;1,1437;9,51;47.025,00
Iguaba Grande ;6;31,3;3,2;1,9687;9,78;339.450,00
Itaboraí ;60;3.208,90;269,5;1,3191;11,91;411.260,00
Japeri ;30;82;18;1,9354;4,56;61.620,00
Natividade ;22;504;42;1,5;12;4.232.830,00
Niterói ;4;33;3;1,8923;11;158.700,00
Porciúncula ;5;2.780,00;120;1,1306;23,17;756.000,00
Rio Bonito ;140;16.760,00;1.200,00;1,3126;13,97;62.447,00
Rio das Ostras ;1;20;2;1,55;10;3.143.000,00
São Gonçalo ;55;360;30;1,8296;12;21.999.500,00
São José de Ubá ;15;65,7;7,6;1,4307;8,64;31.000,00
São Pedro da Aldeia ;10;49;7;2,0929;7;658.650,00
Saquarema ;10;333;39,5;1,3036;8,43;94.000,00
Silva Jardim ;15;1.490,00;129;0,9866;11,55;102.550,00
Sumidouro ;27;235;16;1,1811;14,69;434.100,00
Tanguá ;250;19.125,00;1.330,00;1,3506;14,38;1.470.000,00
Varre-Sai ;2;36;12;1,6667;3;277.550,00
TOTAL LARANJA ;889;71.767,46;5.303,10;1,3731;13,53;25.830.200,00
CULTURA : LIMÃO;;;;;;60.000,00
Araruama ;45;6.401,00;300;1,4346;21,34;98.544.347,00
Armação dos Búzios ;3;35,2;2;2,8469;17,6;
Bom Jardim ;30;120;6;1,6833;20;9.182.800,00
Cabo Frio ;8;86,5;5;2,702;17,3;100.210,00
Cachoeiras de Macacu ;70;954;48;1,4287;19,88;202.000,00
Carapebus ;3;22,5;4;1,64;5,63;233.725,00
Carmo ;1;3,25;0,18;1,7192;18,06;1.363.000,00
Duas Barras ;12;112,1;7,7;2,6471;14,56;36.900,00
Duque de Caxias ;3;39,4;3,7;2,6431;10,65;5.587,50
Engenheiro Paulo de Frontin ;3;7;0,2;0,9571;35;296.740,00
Iguaba Grande ;6;40,6;3;3,5761;13,53;104.140,00
Itaboraí ;9;128,18;7,6;1,2567;16,87;6.700,00
Itaocara ;5;78;6;1,5783;13;145.190,00
Japeri ;11;22,5;7;2,1;3,21;161.085,00
Mangaratiba ;12;224;12;2,1107;18,67;123.110,00
Maricá ;2;83,02;4,61;0,8108;18,01;47.250,00
Petrópolis ;11;222,5;19,5;1,7955;11,41;472.800,00
Piraí ;4;47,3;2,12;1,9822;22,31;67.310,00
Porciúncula ;1;770;35;2,4714;22;399.500,00
Queimados ;6;8,63;0,87;2,8136;9,92;93.760,00
Rio Bonito ;95;11.200,00;560;1,9857;20;1.903.000,00
Rio das Ostras ;2;15;1,5;1,9333;10;24.281,50
São Gonçalo ;22;243,02;18;2,302;13,5;22.240.000,00
São Pedro da Aldeia ;10;105,6;6;2,7282;17,6;29.000,00
Saquarema ;39;496;42;1,7833;11,81;559.428,90
Silva Jardim ;10;1.015,00;60;1,0512;16,92;288.100,00
Tanguá ;22;1.544,00;62;1,2959;24,9;884.500,00
TOTAL LIMÃO ;445;24.024,30;1.223,98;1,7498;19,63;1.067.000,00
CULTURA : LIXIA;;;;;;2.000.900,00
Cachoeiras de Macacu ;3;3,6;0,6;10;6;42.038.017,90
Varre-Sai ;1;12;4;10;3;
TOTAL LIXIA ;4;15,6;4,6;10;3,39;36.000,00
CULTURA : MANGA;;;;;;120.000,00
Aperibé ;10;36;2;0,8;18;156.000,00
Campos dos Goytacases ;42;60;7;0,65;8,57;
Cardoso Moreira ;1;3;2;2;1,5;28.800,00
Itaboraí ;10;156;7,2;0,8;21,67;39.000,00
Itaocara ;55;1.000,00;50;0,702;20;6.000,00
Queimados ;13;31;2,6;1,9961;11,92;124.800,00
São Fidélis ;15;185,62;12,66;1,394;14,66;702.000,00
São Francisco de Itabapoana ;3;120;6;0,5;20;61.880,00
São Gonçalo ;35;880;40;1,5531;22;258.754,00
Seropédica ;9;171;8;0,8327;21,38;60.000,00
TOTAL MANGA ;193;2.642,62;137,46;1,0559;19,22;1.366.750,00
CULTURA : MARACUJÁ;;;;;;142.400,00
Aperibé ;3;40;2;4;20;2.790.384,00
Araruama ;3;29,5;6;4,0349;4,92;
Bom Jardim ;143;770;55;1,4009;14;160.000,00
Cachoeiras de Macacu ;50;659;56;1,9557;11,77;119.030,00
Campos dos Goytacases ;34;145;7;2,16;20,71;1.078.700,00
Carmo ;1;8,61;0,84;2,5749;10,25;1.288.800,00
Cordeiro ;1;92;3,15;3,1304;29,21;313.200,00
Duas Barras ;6;34;2,1;2,3762;16,19;22.169,90
Duque de Caxias ;4;27,7;13,8;2,9592;2,01;288.000,00
Guapimirim ;6;178;40,3;1,7486;4,42;80.790,00
Macuco ;6;59,3;3,5;3,6189;16,94;81.970,00
Miguel Pereira ;5;254,26;16,07;2,838;15,82;311.250,00
Paracambi ;2;0,4;1;5;0,4;214.600,00
Paraíba do Sul ;36;396,5;30,47;3,2197;13,01;721.590,60
Paty do Alferes ;41;634,44;38,3;2,7095;16,57;2.000,00
Quissamã ;2;18,45;1,99;2,8309;9,27;1.276.593,00
Rio Bonito ;6;135;5;1,8889;27;1.719.018,90
Rio de Janeiro ;36;320,9;27,54;1,9356;11,65;52.230,00
São Francisco de Itabapoana ;35;155;47;1,9226;3,3;255.000,00
São José do Vale do Rio Preto ;24;220;11;1,8364;20;621.150,00
São Pedro da Aldeia ;1;1,8;0,5;2;3,6;298.000,00
Sapucaia ;10;160;20;1,5;8;404.000,00
Seropédica ;4;82,3;5,8;2,4149;14,19;3.600,00
Silva Jardim ;5;90;9;1,5944;10;240.000,00
Trajano de Morais ;19;162,38;14,7;3,2072;11,05;198.750,00
Vassouras ;10;157,5;7,25;2,7492;21,72;143.500,00
TOTAL MARACUJÁ ;493;4.832,04;425,31;2,245;11,36;520.783,00
CULTURA : PESSEGO;;;;;;433.000,00
Duas Barras ;1;3;0,3;5,12;10;10.847.725,40
TOTAL PESSEGO ;1;3;0,3;5,12;10;
CULTURA : PINHA;;;;;;15.360,00
Bom Jesus do Itabapoana ;1;3;2;8,1333;1,5;15.360,00
TOTAL PINHA ;1;3;2;8,1333;1,5;
CULTURA : TANGERINA;;;;;;24.400,00
Araruama ;12;177;11,3;1,4395;15,66;24.400,00
Areal ;2;37,67;2;0,6084;18,84;
Cachoeiras de Macacu ;12;78;7;1,859;11,14;254.800,00
Porciúncula ;1;690;40;1,6598;17,25;22.920,00
Rio Bonito ;38;4.350,00;174;1,2822;25;145.000,00
Rio Claro ;2;17,12;1;1,8186;17,12;1.145.250,00
Tanguá ;12;423;8;1,34;52,88;5.577.500,00
TOTAL TANGERINA ;79;5.772,79;243,3;1,3414;23,73;31.134,00
CULTURA : TANGERINA PONCÃ;;;;;;566.800,00
Araruama ;24;2.769,00;131;1,4409;21,14;7.743.404,00
Bom Jardim ;34;237,5;9,5;2,2895;25;
Bom Jesus do Itabapoana ;1;45;2;0,6667;22,5;3.989.900,00
Cardoso Moreira ;1;16,65;3;1;5,55;543.750,00
Duas Barras ;60;751;56;1,0652;13,41;30.000,00
Itaboraí ;24;301,15;15,45;1,2908;19,49;16.650,00
Laje do Muriae ;2;19;1;1,4053;19;800.000,00
Macaé ;1;2;0,4;1,8;5;388.715,00
Petrópolis ;7;100;4;1,278;25;26.700,00
Porciúncula ;8;640;40;0,3555;16;3.600,00
Rio Bonito ;23;1.875,00;75;1,252;25;127.800,00
Rio Claro ;2;24,45;1,3;1,5685;18,81;227.500,00
Rio das Flores ;1;73;4;1,4925;18,25;2.347.500,00
São Gonçalo ;18;32,45;6,5;1,4344;4,99;38.350,00
São José do Vale do Rio Preto ;87;7.800,00;260;0,751;30;108.950,00
São Pedro da Aldeia ;10;70;6;2,0271;11,67;46.547,00
Sapucaia ;70;2.240,00;140;2,1143;16;5.857.500,00
Silva Jardim ;4;178;8;0,6562;22,25;141.900,00
Sumidouro ;110;2.284,00;108;1,6321;21,15;4.736.000,00
Teresópolis ;131;8.125,00;460;0,7429;17,66;116.800,00
Três Rios ;2;36,18;2;1,2;18,09;3.727.780,00
Varre-Sai ;4;100;14;1,47;7,14;6.036.000,00
TOTAL TANGERINA PONCÃ ;624;27.719,38;1.347,15;1,0643;20,58;43.416,00
CULTURA : UVA;;;;;;147.000,00
Bom Jesus do Itabapoana ;1;42,8;4;5,9783;10,7;29.502.358,00
Cambuci ;2;1,7;1;7,5;1,7;
Cardoso Moreira ;1;24,36;4,5;7,044;5,41;255.870,00
Paraíba do Sul ;1;1,6;1,8;9;0,89;12.750,00
Rio das Ostras ;1;3;0,6;10,75;5;171.593,00
São Fidélis ;2;11,2;0,8;10,4442;14;14.400,00
São José de Ubá ;4;30;4,5;6,4;6,67;32.250,00
São José do Vale do Rio Preto ;1;8;1,25;7;6,4;116.974,80
TOTAL UVA ;13;122,66;18,45;6,9447;6,65;192.000,00
TOTAL Fruticultura ;8.658;416.410,80;27.229,96;1,3353;15,29;56.000,00
GRUPO : Grãos;;;;;;851.837,80
CULTURA : ARROZ;;;;;;556.049.948,40
Cantagalo ;13;31;9;1,75;3,44;
Italva ;16;59;12,4;8,5072;4,76;
Itaperuna ;10;21;7;2,2;3;54.250,00
Macaé ;2;507,6;207;0,84;2,45;501.925,00
TOTAL ARROZ ;41;618,6;235,4;1,663;2,63;46.200,00
CULTURA : CAFÉ;;;;;;426.384,00
Bom Jardim ;124;1.608,00;1.090,00;6,3945;1,48;1.028.759,00
Bom Jesus do Itabapoana ;317;835;723;5,2066;1,15;
Campos dos Goytacases ;14;19;21;5;0,9;10.282.300,00
Duas Barras ;18;769;305;6,2389;2,52;4.347.500,00
Duque de Caxias ;3;8,15;4,5;6;1,81;95.000,00
Itaperuna ;6;11,6;10;5,9552;1,16;4.797.700,00
Natividade ;12;33,6;28;5,18;1,2;48.900,00
Porciúncula ;839;4.424,00;4.841,00;5,2992;0,91;69.080,00
São José do Vale do Rio Preto ;11;1.381,50;614;5,8813;2,25;174.048,00
Trajano de Morais ;6;69;35;4,1043;1,97;23.443.700,00
Varre-Sai ;1.200;4.690,00;5.000,00;5,1478;0,94;8.124.975,00
TOTAL CAFÉ ;2.550;13.848,85;12.671,50;5,4741;1,09;283.200,00
CULTURA : FEIJÃO;;;;;;24.143.000,00
Aperibé ;5;5;5;4;1;75.809.403,00
Araruama ;29;11,05;12,3;3,9896;0,9;
Bom Jardim ;186;117,6;98;2,2745;1,2;20.000,00
Bom Jesus do Itabapoana ;35;22,5;25;3,352;0,9;44.085,00
Cabo Frio ;7;5,8;6,8;7,0276;0,85;267.480,00
Cachoeiras de Macacu ;22;25,5;12,2;2,1275;2,09;75.420,00
Cantagalo ;4;3;3;4,5;1;40.760,00
Carmo ;15;11;10;3,41;1,1;54.250,00
Casimiro de Abreu ;25;32,4;33;5,1235;0,98;13.500,00
Duas Barras ;40;12,46;11,2;3,2856;1,11;37.510,00
Italva ;42;27,65;26;3,6462;1,06;166.000,00
Itaperuna ;20;13,2;15;3,3636;0,88;40.938,00
Macaé ;3;215;72,59;3,2223;2,96;100.818,00
Macuco ;5;5;3;3,4;1,67;44.400,00
Magé ;8;7,2;7;6;1,03;692.800,00
Natividade ;8;4,8;8;3;0,6;17.000,00
Nova Friburgo ;27;12,14;10,6;3,3696;1,15;43.200,00
Porciúncula ;121;131,5;145;3,3726;0,91;14.400,00
Porto Real ;9;4,1;5;3,5159;0,82;40.907,00
Quissamã ;25;74;56,5;2,2169;1,31;443.500,00
Rio Bonito ;9;7;7;1,7143;1;14.415,00
Rio Claro ;25;64,65;40;5,849;1,62;164.050,00
Rio das Flores ;33;23,5;19,75;3,5226;1,19;12.000,00
Rio das Ostras ;37;9,62;36,6;8,0603;0,26;378.140,00
Santa Maria Madalena ;19;21,52;21,36;5,5674;1,01;82.780,00
Santo Antônio de Pádua ;36;14,6;24;4,2425;0,61;77.540,00
São Fidélis ;15;9,5;14,85;2,4932;0,64;119.810,00
Sapucaia ;20;20;20;2;1;61.940,00
Trajano de Morais ;37;26;24;3,4308;1,08;23.685,80
Valença ;24;13,88;13,1;5,5628;1,06;40.000,00
Varre-Sai ;160;300;267;3,3333;1,12;89.200,00
TOTAL FEIJÃO ;1.051;1.251,17;1.052,85;3,435;1,19;77.211,00
CULTURA : MILHO;;;;;;1.000.000,00
Aperibé ;8;44;22;0,8;2;4.297.739,80
Araruama ;6;7,4;4;0,7338;1,85;
Bom Jardim ;99;264;88;0,5457;3;35.200,00
Bom Jesus do Itabapoana ;21;77;41,6;0,7109;1,85;5.430,00
Carapebus ;7;15,7;8;0,9809;1,96;144.060,00
Italva ;40;87;35;0,7067;2,49;54.740,00
Macaé ;2;3.825,10;520;0,8377;7,36;15.400,00
Porciúncula ;62;240;120;0,96;2;61.480,00
Quissamã ;22;98;55;0,7;1,78;3.204.320,00
Rio Claro ;14;81,44;35,5;0,8775;2,29;230.400,00
Santa Maria Madalena ;38;77,28;24,42;0,8235;3,16;68.600,00
Santo Antônio de Pádua ;78;165,6;72;0,9;2,3;71.461,00
Sapucaia ;30;144;60;1;2,4;63.642,50
Trajano de Morais ;30;30;10;0,95;3;149.040,00
Varre-Sai ;300;2.000,00;300;0,751;6,67;144.000,00
TOTAL MILHO ;757;7.156,52;1.395,52;0,8074;5,13;28.500,00
TOTAL Grãos ;4.399;22.875,14;15.355,27;3,7995;1,49;1.502.000,00
GRUPO : Olerícolas Folhas;;;;;;5.778.273,50
CULTURA : AGRIÃO;;;;;;86.914.175,30
Barra Mansas ;7;283,6;18,44;1,3447;15,38;
Petrópolis ;60;260;12,7;1,9577;20,47;
Rio Claro ;2;65,97;3,2;2,361;20,62;381.365,00
Rio de Janeiro ;31;403,21;12;1,5126;33,6;509.000,00
Sumidouro ;57;1.800,00;90;2,5449;20;155.755,00
Teresópolis ;70;1.658,50;66,6;2,3142;24,9;609.899,00
Volta Redonda ;17;139,4;7,9;2,7842;17,65;4.580.800,00
TOTAL AGRIÃO ;244;4.610,68;210,84;2,2693;21,87;3.838.100,00
CULTURA : ALFACE;;;;;;388.120,00
Armação dos Búzios ;6;6,9;0,67;1,8362;10,3;10.463.039,00
Barra do Pirai ;8;31,55;2,16;1,2477;14,61;
Barra Mansas ;33;1.402,90;89,08;1,2652;15,75;12.670,00
Bom Jesus do Itabapoana ;7;67,7;3,4;0,8665;19,91;39.365,00
Cabo Frio ;1;19,2;11,8;3;1,63;1.775.002,50
Campos dos Goytacases ;37;109;7;1,6289;15,57;58.660,00
Conceição de Macabu ;3;7,5;0,8;2,02;9,38;57.600,00
Duas Barras ;13;49,9;2,5;1,3545;19,96;177.550,00
Duque de Caxias ;2;1,65;0,12;1,567;13,75;15.150,00
Engenheiro Paulo de Frontin ;9;63,5;2,6;2,863;24,42;67.590,00
Italva ;13;3,65;0,65;2,2799;5,62;2.585,50
Macaé ;12;26,4;4,57;3,2197;5,78;181.800,00
Mendes ;8;28,6;1,81;1,279;15,8;8.321,50
Nova Friburgo ;90;2.499,60;118,5;1,8393;21,09;85.000,00
Paraty ;4;57,5;4;7,4127;14,38;36.578,50
Petrópolis ;138;1.015,00;52,5;1,4241;19,33;4.597.470,00
Pinheiral ;8;55,56;3,89;2,0597;14,28;426.230,00
Piraí ;10;28,05;2,28;1,6314;12,3;1.445.450,00
Queimados ;3;10,99;0,73;1,0229;15,05;114.437,50
Resende ;4;173,55;12,65;2,122;13,72;45.760,00
Rio Claro ;5;152,21;8,5;2,1369;17,91;11.242,20
Rio das Ostras ;1;8,2;0,55;1,67;14,91;368.269,00
Rio de Janeiro ;35;608;34,6;1,0109;17,57;325.256,50
São Gonçalo ;8;78;6;1,8483;13;13.694,00
São José do Vale do Rio Preto ;94;800;32;1,1755;25;614.640,00
Sapucaia ;35;735;35;0,39;21;144.170,00
Seropédica ;27;365;14;2,866;26,07;940.375,00
Sumidouro ;314;8.932,00;406;1,4105;22;286.650,00
Teresópolis ;1.427;93.820,00;3.605,00;1,2234;26,02;1.046.100,00
Três Rios ;1;50,55;3,18;1,9692;15,9;12.598.740,00
Valença ;23;228,34;23,47;5,4112;9,73;114.781.900,00
Varre-Sai ;1;282;12,3;1,5631;22,93;99.542,20
Vassouras ;13;120;4,35;3,03;27,59;1.235.596,00
Volta Redonda ;23;286,7;15,8;3,1233;18,15;440.800,00
TOTAL ALFACE ;2.416;112.124,70;4.522,46;1,2782;24,79;363.600,00
CULTURA : ALFACE - CULT. PROT;;;;;;895.440,00
Macaé ;1;0,05;0,02;8;2,5;143.313.235,40
São Gonçalo ;1;43,2;4,32;2,175;10;
Teresópolis ;154;4.909,70;86,9;1,4598;56,5;400
TOTAL ALFACE - CULT. PROTG ;156;4.952,95;91,24;1,4661;54,28;93.960,00
CULTURA : ALHO PORRÓ;;;;;;7.166.950,00
Teresópolis ;88;646,7;25;2,2871;25,87;7.261.310,00
TOTAL ALHO PORRÓ ;88;646,7;25;2,2871;25,87;
CULTURA : BERTALHA;;;;;;1.479.056,00
Seropédica ;42;821;29,2;2,1478;28,12;1.479.056,00
Sumidouro ;10;425;21,25;2,3567;20;
TOTAL BERTALHA ;52;1.246,00;50,45;2,2191;24,7;1.763.340,00
CULTURA : BROCOLOS;;;;;;1.001.600,00
Barra Mansas ;16;421,6;30,87;2,8166;13,66;2.764.940,00
Duas Barras ;5;61,2;3,05;1,5592;20,07;
Nova Friburgo ;555;11.837,60;666,9;2,6444;17,75;1.187.485,00
Petrópolis ;144;610;23,7;1,8648;25,74;95.420,00
Resende ;1;59,42;3,25;1,9769;18,28;31.302.970,00
Rio Claro ;2;47,3;3;2,8527;15,77;1.137.500,00
Rio das Ostras ;1;2,2;0,25;1,25;8,8;117.466,00
Sumidouro ;186;2.354,00;107;1,7264;22;134.931,50
Teresópolis ;460;10.244,20;453,3;1,2288;22,6;2.750,00
Três Rios ;1;6,02;0,5;2,8687;12,04;4.063.840,00
Volta Redonda ;10;124;6,7;3,4806;18,51;12.588.540,00
TOTAL BROCOLOS ;1.381;25.767,54;1.298,52;1,9823;19,84;17.269,60
CULTURA : CEBOLINHA;;;;;;431.600,00
Barra Mansas ;18;639,55;55,39;1,7003;11,55;51.079.772,10
Macaé ;12;8,8;0,82;8,5341;10,73;
Paraty ;3;108,9;8;15,1272;13,61;1.087.402,00
Petrópolis ;53;54;3,5;1,7231;15,43;75.100,00
Queimados ;2;2,63;0,22;1,0049;11,95;1.647.350,00
Resende ;4;24,85;3,3;2,1354;7,53;93.045,00
Rio Claro ;3;79,3;7,5;1,6693;10,57;2.642,80
Rio de Janeiro ;47;617,44;26,32;1,6417;23,46;53.064,50
Seropédica ;27;465;16,4;3,051;28,35;132.378,50
Sumidouro ;48;427,5;29,5;3,674;14,49;1.013.681,00
Teresópolis ;340;5.359,00;334,3;2,2832;16,03;1.418.700,00
Varre-Sai ;1;30;10,5;7,06;2,86;1.570.650,00
Volta Redonda ;20;135;9,1;4,5519;14,84;12.235.810,00
TOTAL CEBOLINHA ;578;7.951,97;504,85;2,5347;15,75;211.800,00
CULTURA : CHICÓRIA;;;;;;614.500,00
Barra Mansas ;13;431,85;18,39;1,2574;23,48;20.156.123,80
Resende ;4;91,98;3,95;2,077;23,29;
Rio Claro ;2;87,91;3,8;1,422;23,13;543.005,00
Rio de Janeiro ;31;565,99;16,73;1,0034;33,83;191.039,00
Teresópolis ;483;5.598,20;189,9;0,9642;29,48;125.011,50
Volta Redonda ;13;138,6;7,7;3,0036;18;567.901,80
TOTAL CHICÓRIA ;546;6.914,53;240,47;1,0472;28,75;5.397.944,00
CULTURA : COENTRO;;;;;;416.300,00
Armação dos Búzios ;6;4,9;1,5;2,399;3,27;7.241.201,30
Nova Friburgo ;9;29,2;1,8;4;16,22;
Queimados ;2;2,24;0,17;1,0271;13,18;11.755,00
Sumidouro ;203;2.052,00;114;5,2914;18;116.800,00
Teresópolis ;305;1.421,70;90,7;3,4958;15,67;2.300,80
Volta Redonda ;15;30,9;2,75;4,6411;11,24;10.857.960,00
TOTAL COENTRO ;540;3.540,94;210,92;4,5474;16,79;4.969.930,00
CULTURA : COUVE;;;;;;143.410,00
Barra do Pirai ;7;33,65;0,87;5,8608;38,68;16.102.155,80
Barra Mansas ;19;960,46;30,83;1,2518;31,15;
Bom Jesus do Itabapoana ;6;35,1;2,2;2,9702;15,95;197.215,00
Conceição de Macabu ;5;20;1,5;2;13,33;1.202.346,50
Duas Barras ;24;69;2,35;4,5156;29,36;104.255,00
Duque de Caxias ;3;7,9;0,31;1,3696;25,48;40.000,00
Engenheiro Paulo de Frontin ;9;29,5;1,7;3,0644;17,35;311.575,00
Macaé ;12;3;0,75;9,3333;4;10.820,00
Mendes ;6;38,1;0,99;5,5493;38,48;90.400,00
Miracema ;2;36,03;1,03;6,8538;34,98;28.000,00
Paraty ;3;153,7;5;7,0606;30,74;211.427,50
Petrópolis ;98;733;24;2,8172;30,54;246.941,00
Pinheiral ;8;44;1,45;8,342;30,34;1.085.220,00
Piraí ;3;46,25;1,61;7,1276;28,73;2.065.000,00
Queimados ;4;9,41;0,9;1,0185;10,46;367.050,00
Resende ;4;176,15;6,7;2,0329;26,29;329.650,00
Rio Claro ;3;659,08;18,4;6,3104;35,82;9.583,80
Rio das Ostras ;2;5,91;0,45;1,1925;13,13;358.095,00
Rio de Janeiro ;65;1.413,00;51,9;2,1187;27,23;4.159.065,00
São João da Barra ;13;54;1,2;1,8667;45;7.047,50
Seropédica ;36;569;19;3,6531;29,95;2.993.700,00
Sumidouro ;283;9.746,00;193;4,7325;50,5;100.800,00
Teresópolis ;510;20.970,00;349,5;1,5884;60;2.078.600,00
Valença ;29;1.154,45;27,74;4,9441;41,62;46.123.100,00
Varre-Sai ;2;90;5,7;2,0872;15,79;33.309.000,00
Vassouras ;12;73,5;3,35;2,6789;21,94;5.707.710,50
Volta Redonda ;20;354,5;11,5;2,7566;30,83;187.850,00
TOTAL COUVE ;1.188;37.484,69;763,93;2,7344;49,07;196.900,00
CULTURA : COUVE FLOR;;;;;;977.200,00
Barra do Pirai ;1;16,8;0,73;3,3243;23,01;102.498.551,80
Barra Mansas ;1;33,78;1,47;2,0666;22,98;
Bom Jardim ;215;2.575,00;103;1,076;25;55.847,50
Duas Barras ;7;200,8;9,3;1,1789;21,59;69.809,00
Nova Friburgo ;727;18.853,00;541,75;1,6501;34,8;2.770.750,00
Petrópolis ;32;199;10;2,998;19,9;236.730,00
Rio Claro ;1;87,67;3,5;2,5032;25,05;31.109.900,00
São José do Vale do Rio Preto ;375;3.800,00;190;1,0946;20;596.600,00
Sapucaia ;36;1.260,00;36;0,7972;35;219.455,00
Sumidouro ;124;3.207,54;111;0,9399;28,9;4.159.400,00
Teresópolis ;65;1.249,00;35,62;1,1905;35,06;1.004.500,00
Trajano de Morais ;68;917;41,4;1,5599;22,15;3.014.910,10
Valença ;11;157,77;4,76;5,1451;33,14;1.486.900,00
TOTAL COUVE FLOR ;1.663;32.557,36;1.088,53;1,4426;29,91;1.430.414,00
CULTURA : ESPINAFRE;;;;;;811.735,00
Barra Mansas ;5;55,5;2,39;1,2713;23,22;46.966.950,60
Petrópolis ;60;358;11,2;2,4672;31,96;
São Pedro da Aldeia ;1;1,5;0,5;8,3;3;70.556,50
Teresópolis ;300;8.223,00;236,7;1,2198;34,74;883.240,00
TOTAL ESPINAFRE ;366;8.638,00;250,79;1,273;34,44;12.450,00
CULTURA : REPOLHO;;;;;;10.030.100,00
Barra Mansas ;3;102,2;3,52;1,4891;29,03;10.996.346,50
Bom Jardim ;221;5.568,00;116;0,9882;48;
Cordeiro ;3;100;2,5;1,07;40;152.184,50
Duas Barras ;66;2.515,00;60,3;0,732;41,71;5.502.240,00
Nova Friburgo ;86;2.255,77;53,5;0,711;42,16;107.000,00
Paty do Alferes ;99;1.480,79;38;0,7741;38,97;1.840.900,00
Petrópolis ;29;231;7,2;0,8919;32,08;1.603.854,00
Rio Claro ;1;88,6;3,4;2,3043;26,06;1.146.305,80
São José do Vale do Rio Preto ;59;1.110,00;18,5;0,773;60;206.040,00
Sapucaia ;41;2.378,00;41;1,0207;58;204.165,00
Seropédica ;2;54;1;0,8889;54;858.000,00
Sumidouro ;332;8.906,00;221;0,5441;40,3;2.427.300,00
Teresópolis ;80;2.183,50;46,9;0,6994;46,56;48.000,00
Trajano de Morais ;68;2.106,08;56,65;0,837;37,18;4.845.870,00
Vassouras ;12;306;6,6;1,4356;46,36;1.527.230,00
TOTAL REPOLHO ;1.102;29.384,94;676,07;0,7715;43,46;1.762.713,00
CULTURA : RÚCULA;;;;;;439.300,00
Armação dos Búzios ;11;12,81;2,57;3,2011;4,98;22.671.102,30
Barra Mansas ;2;32,16;2,71;1,2977;11,87;
Teresópolis ;56;283;24,1;3,4982;11,74;41.006,00
Volta Redonda ;15;39,3;4,9;4,4193;8,02;41.733,50
TOTAL RÚCULA ;84;367,27;34,28;3,3937;10,71;990.000,00
CULTURA : RÚCULA - CULT. PRO;;;;;;173.680,00
Macaé ;1;0,03;0,01;7,5;3;1.246.419,50
Teresópolis ;50;1.497,00;36,7;4,5104;40,79;
TOTAL RÚCULA - CULT. PROTG ;51;1.497,03;36,71;4,5104;40,78;225
CULTURA : SALSA;;;;;;6.752.000,00
Barra Mansas ;18;515,05;21,78;1,6942;23,65;6.752.225,00
Macaé ;12;1,5;0,27;8,8;5,56;
Nova Friburgo ;79;1.166,40;31,58;3,0596;36,93;872.615,00
Paraty ;3;145,2;8;8,043;18,15;13.200,00
Petrópolis ;63;647;22,8;1,7424;28,38;3.568.660,00
Queimados ;3;2,14;0,21;1,2664;10,19;1.167.850,00
Resende ;3;56,25;2,55;1,2704;22,06;1.127.330,00
Rio Claro ;3;158,26;7,85;3,2096;20,16;2.710,00
Rio das Ostras ;1;0,7;0,03;2,7;23,33;71.460,00
Rio de Janeiro ;44;891,6;27,39;1,7623;32,55;507.949,00
Seropédica ;31;508;19,4;3,2224;26,19;1.890,00
Sumidouro ;132;2.380,00;68;2,3672;35;1.571.295,00
Teresópolis ;100;1.507,50;42,9;1,7288;35,14;1.637.000,00
Volta Redonda ;10;135;9,1;4,6259;14,84;5.633.950,00
TOTAL SALSA ;502;8.114,60;261,86;2,3916;30,99;2.606.100,00
TOTAL Olerícolas Folhas ;10.957;285.799,90;10.266,92;1,6459;27,84;624.500,00
GRUPO : Olerícolas Frutos;;;;;;19.406.509,00
CULTURA : ABOBORA;;;;;;470.398.938,10
Aperibé ;2;12;1;1,65;12;
Araruama ;24;342;22,5;1,0395;15,2;
Armação dos Búzios ;12;29,2;2,6;1,8074;11,23;19.800,00
Bom Jesus do Itabapoana ;3;294;28;1,7218;10,5;355.500,00
Cabo Frio ;17;77;7,6;1,8857;10,13;52.775,00
Cachoeiras de Macacu ;40;196;20,3;1,4393;9,66;506.200,00
Campos dos Goytacases ;19;131;12;0,8592;10,92;145.200,00
Cantagalo ;1;13;1;1;13;282.100,00
Carapebus ;5;32;5;1,1227;6,4;112.550,00
Carmo ;4;37,5;2,5;1,114;15;13.000,00
Casimiro de Abreu ;11;195;17;2,1154;11,47;35.925,00
Conceição de Macabu ;3;11,4;0,88;2,1421;12,95;41.775,00
Cordeiro ;5;295;15;0,978;19,67;412.500,00
Duas Barras ;36;377,5;25,8;1,395;14,63;24.420,00
Guapimirim ;4;36;2,8;1,8611;12,86;288.500,00
Iguaba Grande ;15;37,6;10,6;1,2074;3,55;526.600,00
Itaboraí ;3;107,8;5,5;1,3377;19,6;67.000,00
Itaocara ;13;167;8,5;1,4872;19,65;45.400,00
Itaperuna ;15;636;53;0,9283;12;144.200,00
Laje do Muriae ;1;7;0,5;1,2;14;248.360,00
Macaé ;1;0,24;0,22;4;1,09;590.400,00
Miracema ;4;18,6;1,35;1,9387;13,78;8.400,00
Paraíba do Sul ;16;524,4;21,91;1,8608;23,93;960
Paty do Alferes ;12;779;39,1;1,6305;19,92;36.060,00
Petrópolis ;14;286;14,35;1,608;19,93;975.786,00
Porciúncula ;8;15,3;1;0,3755;15,3;1.270.180,00
Rio Bonito ;13;160,5;13;1,5561;12,35;459.900,00
Rio Claro ;3;77,05;3,5;0,9914;22,01;5.745,00
Rio das Flores ;2;29,8;2,7;1,2773;11,04;249.750,00
Rio das Ostras ;1;1,1;0,5;1,2;2,2;76.388,00
Santo Antônio de Pádua ;14;108;9;1,9778;12;38.064,00
São Francisco de Itabapoana ;15;4.880,00;245;1,7131;19,92;1.320,00
São João da Barra ;50;199;20;0,906;9,95;213.600,00
São Pedro da Aldeia ;28;262;29,9;1,1053;8,76;8.360.000,00
Sapucaia ;35;630;35;0,6457;18;180.300,00
Sumidouro ;36;455;45,5;1,3167;10;289.600,00
Tanguá ;20;35,35;6,38;1,163;5,54;406.800,00
Vassouras ;15;343,8;16,65;1,0241;20,65;599.100,00
TOTAL ABOBORA ;520;11.839,14;747,14;1,4762;15,85;41.111,50
CULTURA : ABOBRINHA;;;;;;352.100,00
Aperibé ;2;16;1;1,65;16;17.477.369,50
Barra do Pirai ;1;22,65;2,42;1,9675;9,36;
Barra Mansas ;3;26,79;2,81;1,4401;9,53;26.400,00
Bom Jardim ;198;992;62;0,9339;16;44.565,00
Bom Jesus do Itabapoana ;3;15,1;1,9;1,4983;7,95;38.579,10
Cachoeiras de Macacu ;50;309;33,2;1,1932;9,31;926.400,00
Carmo ;5;94;5,51;0,8681;17,06;22.625,00
Cordeiro ;1;18;1;1,6;18;368.700,00
Duas Barras ;80;1.327,00;54,1;0,8697;24,53;81.600,00
Duque de Caxias ;2;298;20,5;2,0658;14,54;28.800,00
Itaocara ;12;122;8;1,1672;15,25;1.154.050,00
Itaperuna ;8;73;4;0,9;18,25;615.600,00
Magé ;12;94,5;10,5;1,5095;9;142.400,00
Miracema ;2;27,6;3,5;1,2065;7,89;65.700,00
Nova Friburgo ;78;700,36;41,7;1,3121;16,8;142.650,00
Paty do Alferes ;3;43,81;3,8;0,8498;11,53;33.300,00
Petrópolis ;27;396;23,15;1,4652;17,11;918.910,00
Pinheiral ;6;15,2;1,29;1,4016;11,78;37.229,70
Porciúncula ;5;14;1;0,5714;14;580.210,00
Porto Real ;3;60;11;2,5146;5,45;21.305,00
Quatis ;3;36,5;5,5;2,4548;6,64;8.000,00
Resende ;2;18,85;2,5;1,1374;7,54;150.875,00
Rio Claro ;4;55,43;4,5;0,9654;12,32;89.600,00
Rio de Janeiro ;39;969,5;69,25;1,1762;14;21.440,00
São José do Vale do Rio Preto ;296;2.175,00;145;0,5968;15;53.514,50
Sapucaia ;39;624;39;0,8897;16;1.140.300,00
Sumidouro ;173;2.007,00;111,5;0,646;18;1.298.100,00
Teresópolis ;80;812;47;0,8928;17,28;555.200,00
Trajano de Morais ;25;200;10;1,03;20;1.296.450,00
Varre-Sai ;3;173;11,5;1,3679;15,04;724.970,00
Vassouras ;9;60,1;2,9;1,4534;20,72;206.000,00
TOTAL ABOBRINHA ;1.174;11.796,39;741,03;0,9424;15,92;236.650,00
CULTURA : BERINJELA;;;;;;87.350,00
Aperibé ;13;250;10;1,03;25;11.117.473,30
Bom Jardim ;230;3.034,00;82;0,9078;37;
Cachoeiras de Macacu ;53;1.114,00;54,9;1,2571;20,29;257.500,00
Cantagalo ;2;21,1;0,94;1,0882;22,45;2.754.280,00
Carmo ;11;339,15;11,29;0,7773;30,04;1.400.400,00
Duas Barras ;66;1.106,00;34,9;1,4327;31,69;22.960,00
Duque de Caxias ;4;51,9;3,45;2,0591;15,04;263.617,50
Itaocara ;76;1.102,00;55;1,0545;20,04;1.584.550,00
Itaperuna ;10;128;5,5;1,1641;23,27;106.865,00
Magé ;15;207,5;11,5;1,6967;18,04;1.162.060,00
Nova Iguaçu ;15;78;8,95;0,889;8,72;149.000,00
Paty do Alferes ;3;29,86;1,25;1,5281;23,89;352.075,00
Piraí ;4;46,08;2,19;1,9112;21,04;69.340,00
Queimados ;1;5,15;0,43;1,6265;11,98;45.628,50
Rio Claro ;3;71,42;4,6;0,9213;15,53;88.066,00
Rio de Janeiro ;22;660;44,05;0,9079;14,98;8.376,60
Santo Antônio de Pádua ;8;156;6;2,0833;26;65.799,50
São Fidélis ;82;979,28;24,42;0,7981;40,1;599.200,00
São José de Ubá ;5;27;3;0,7;9;325.000,00
São José do Vale do Rio Preto ;231;2.660,00;95;0,6909;28;781.603,70
São Sebastião do Alto ;75;1.890,00;63;1,2208;30;18.900,00
Sapucaia ;40;1.040,00;40;0,83;26;1.837.920,00
Seropédica ;4;61,8;3,35;1,9492;18,45;2.307.300,00
Sumidouro ;135;3.120,00;104;1,081;30;863.200,00
Trajano de Morais ;21;457;21,5;2,0232;21,26;120.460,00
Vassouras ;6;53,4;2,2;1,823;24,27;3.372.600,00
TOTAL BERINJELA ;1.135;18.688,64;693,42;1,0476;26,95;924.600,00
CULTURA : CHUCHU;;;;;;97.350,00
Bom Jardim ;196;4.950,00;66;0,5064;75;19.578.651,80
Cantagalo ;1;6,75;0,15;0,4833;45;
Duas Barras ;16;1.199,00;25,8;0,9583;46,47;2.506.500,00
Duque de Caxias ;1;14,3;1,1;1,2958;13;3.262,50
Paraíba do Sul ;3;12,65;0,22;1,1035;57,5;1.148.950,00
Petrópolis ;73;1.600,00;51,2;1,1541;31,25;18.530,00
Rio Claro ;1;192,21;8;0,6095;24,03;13.959,00
Rio de Janeiro ;58;9.500,00;197;0,5762;48,22;1.846.500,00
São José do Vale do Rio Preto ;920;72.900,00;920;0,4942;79,24;117.147,00
Sapucaia ;42;2.184,00;42;0,9024;52;5.474.000,00
Sumidouro ;42;2.755,00;55;0,6128;50,09;36.028.000,00
Teresópolis ;30;1.667,20;25,1;0,7369;66,42;1.970.800,00
Trajano de Morais ;9;896;17,3;1,3978;51,79;1.688.400,00
TOTAL CHUCHU ;1.392;97.877,11;1.408,87;0,5445;69,47;1.228.640,00
CULTURA : ERVILHA;;;;;;1.252.400,00
Duas Barras ;19;63,7;6,45;7,3148;9,88;53.297.088,50
Nova Friburgo ;80;378,36;40,5;8,1883;9,34;
São José do Vale do Rio Preto ;41;77;11;4,5591;7;465.950,00
Sumidouro ;195;1.071,00;119;4,6862;9;3.098.140,00
Teresópolis ;30;23,4;3,05;4,6444;7,67;351.050,00
TOTAL ERVILHA ;365;1.613,46;180;5,6046;8,96;5.018.940,00
CULTURA : FEIJÃO GUANDU;;;;;;108.680,00
Tanguá ;44;37;25,7;13,1622;1,44;9.042.760,00
TOTAL FEIJÃO GUANDU ;44;37;25,7;13,1622;1,44;
CULTURA : FEIJÃO MAUÁ;;;;;;487.000,00
Araruama ;35;26,45;8,15;4,0614;3,25;487.000,00
Cachoeiras de Macacu ;191;775,5;163;1,7247;4,76;
Duque de Caxias ;2;2,27;0,75;2,6154;3,03;107.425,00
Magé ;74;335,75;76,5;3,1697;4,39;1.337.500,00
São Francisco de Itabapoana ;49;350,5;77;1,8475;4,55;5.937,00
São João da Barra ;28;52,8;10,5;1,5456;5,03;1.064.237,50
Tanguá ;21;33,2;16,35;1,9982;2,03;647.550,00
TOTAL FEIJÃO MAUÁ ;400;1.576,47;352,25;2,1;4,48;81.610,00
CULTURA : JILÓ;;;;;;66.340,00
Angra dos Reis ;10;63,5;7;5;9,07;3.310.599,50
Aperibé ;40;600;30;1,4433;20;
Barra Mansas ;3;344,85;22,07;2,6936;15,63;317.500,00
Bom Jardim ;215;2.550,00;102;0,9003;25;866.000,00
Bom Jesus do Itabapoana ;4;67,8;3,9;1,5279;17,38;928.889,50
Cachoeiras de Macacu ;105;2.190,00;95;1,4022;23,05;2.295.750,00
Cambuci ;116;2.258,00;122;1,8835;18,51;103.595,00
Cantagalo ;4;52,4;2,9;1,3174;18,07;3.070.850,00
Carmo ;8;216;9,74;1,7729;22,18;4.252.900,00
Cordeiro ;2;60;2;1,65;30;69.030,00
Duas Barras ;58;797;33,8;1,9194;23,58;382.950,00
Duque de Caxias ;3;77,9;5,12;2,1253;15,21;99.000,00
Itaocara ;107;1.485,00;77,5;1,4031;19,16;1.529.800,00
Itaperuna ;28;315;15,8;0,9819;19,94;165.560,00
Japeri ;37;203;24;1,634;8,46;2.083.620,00
Laje do Muriae ;2;0,7;0,7;2,1429;1;309.300,00
Magé ;18;216,45;15,75;2,1753;13,74;331.700,00
Miguel Pereira ;2;30,5;1,7;1,6346;17,94;1.500,00
Natividade ;4;36;2;2,3;18;470.835,00
Nova Friburgo ;38;559,9;26,5;1,9849;21,13;49.854,50
Nova Iguaçu ;54;180;20,8;1,4264;8,65;82.800,00
Paraíba do Sul ;11;47,9;2,26;1,9008;21,19;1.111.340,00
Paty do Alferes ;6;64,05;3,53;1,677;18,14;256.750,00
Petrópolis ;41;580;25,5;2,1644;22,75;91.049,00
Pinheiral ;8;23,6;1,47;2,5952;16,05;107.414,50
Piraí ;10;40,5;2,2;2,3543;18,41;1.255.350,00
Porciúncula ;2;13;1;0,8462;13;61.247,50
Quatis ;2;19;2;2,9105;9,5;95.350,00
Queimados ;2;24,6;1,35;1,4939;18,22;11.000,00
Resende ;3;13,95;1,25;2,3324;11,16;55.300,00
Rio Bonito ;12;84;12;2;7;36.750,00
Rio Claro ;3;104,8;7,1;0,9471;14,76;32.537,50
Rio de Janeiro ;36;478,8;34,29;1,1339;13,96;168.000,00
Santo Antônio de Pádua ;15;216;12;2,25;18;99.254,00
São Fidélis ;65;438,25;17,27;0,9128;25,38;542.916,00
São João da Barra ;30;276;18,25;1,114;15,12;486.000,00
São José do Vale do Rio Preto ;197;1.825,00;73;1,0978;25;400.045,60
São Sebastião do Alto ;84;1.760,00;80;1,8794;22;307.455,00
Sapucaia ;40;1.000,00;40;1,2325;25;2.003.500,00
Silva Jardim ;7;169;13;0,9746;13;3.307.700,00
Sumidouro ;195;3.128,00;136;1,1261;23;1.232.500,00
Teresópolis ;70;459,2;20;1,3134;22,96;164.700,00
Trajano de Morais ;24;494,5;20,2;1,8503;24,48;3.522.335,00
Valença ;6;65,28;2,82;2,5473;23,15;603.122,00
Varre-Sai ;7;160;7,5;1,6091;21,33;914.980,00
Vassouras ;16;187;6,55;1,9043;28,55;166.290,00
Volta Redonda ;6;65,3;3,4;2,2737;19,21;257.450,00
TOTAL JILÓ ;1.756;24.041,73;1.164,22;1,4644;20,65;356.100,00
CULTURA : MAXIXE;;;;;;148.470,00
Bom Jardim ;128;155;31;1,1226;5;35.206.340,10
Cachoeiras de Macacu ;27;139;16,4;1,761;8,48;
Campos dos Goytacases ;36;104;8,2;0,812;12,68;174.000,00
Iguaba Grande ;5;2,4;2,2;1,5583;1,09;244.780,00
Magé ;15;15,25;4,3;2,941;3,55;84.450,00
Paty do Alferes ;3;93,52;7;1,8137;13,36;3.740,00
Petrópolis ;12;98;8,8;1,7194;11,14;44.850,00
São João da Barra ;110;477;45;1,4036;10,6;169.615,70
São José do Vale do Rio Preto ;84;324;27;0,9396;12;168.500,00
São Pedro da Aldeia ;11;11;8,1;1,8909;1,36;669.500,00
Seropédica ;6;12,3;2,1;0,5374;5,86;304.440,00
TOTAL MAXIXE ;437;1.431,47;160,1;1,3212;8,94;20.800,00
CULTURA : MELANCIA;;;;;;6.610,00
Duas Barras ;6;8,6;0,4;0,7733;21,5;1.891.285,70
TOTAL MELANCIA ;6;8,6;0,4;0,7733;21,5;
CULTURA : MILHO VERDE;;;;;;6.650,00
Angra dos Reis ;32;127,5;14;10;9,11;6.650,00
Cachoeiras de Macacu ;234;6.430,00;632;0,6444;10,17;
Campos dos Goytacases ;49;152;12,3;1,1707;12,36;1.275.000,00
Carmo ;3;135,7;14,76;0,6763;9,19;4.143.250,00
Casimiro de Abreu ;11;56;19;3;2,95;177.950,00
Duas Barras ;12;23,5;3,5;0,8426;6,71;91.770,00
Guapimirim ;58;3.630,00;303;0,5438;11,98;168.000,00
Itaocara ;5;25;2,5;1;10;19.800,00
Itaperuna ;31;185,5;18,7;2,1617;9,92;1.973.900,00
Japeri ;46;270;32,8;0,6624;8,23;25.000,00
Laje do Muriae ;1;16,5;1,35;2,7788;12,22;401.000,00
Magé ;163;2.993,00;326;1,6719;9,18;178.860,00
Mangaratiba ;9;35;8;1,0857;4,38;45.850,00
Nova Friburgo ;44;427,25;53,9;0,8776;7,93;5.004.100,00
Nova Iguaçu ;33;136;20,4;0,604;6,67;38.000,00
Petrópolis ;17;70,5;12,3;1,7051;5,73;374.940,00
Porciúncula ;5;13,8;1,7;2,7217;8,12;82.150,00
Queimados ;4;9,95;0,76;0,9975;13,09;120.210,00
Rio Bonito ;6;30;5;1,28;6;37.560,00
Rio Claro ;10;247,55;33;0,9866;7,5;9.925,00
Rio das Ostras ;3;1,56;0,17;2,625;9,18;38.400,00
São Gonçalo ;32;130,01;20;1,3694;6,5;244.235,00
Silva Jardim ;5;542;57;0,4258;9,51;4.095,00
Sumidouro ;32;384;48;0,615;8;178.035,10
TOTAL MILHO VERDE ;845;16.072,32;1.640,14;0,9394;9,8;230.800,00
CULTURA : MORANGO;;;;;;236.160,00
Nova Friburgo ;50;933,4;33,7;11,3212;27,7;15.098.990,10
Sapucaia ;2;20;2;4,25;10;
Trajano de Morais ;1;1,44;0,24;12;6;10.567.250,00
TOTAL MORANGO ;53;954,84;35,94;11,1742;26,57;85.000,00
CULTURA : PEPINO;;;;;;17.280,00
Aperibé ;3;60;1,5;1,1;40;10.669.530,00
Bom Jardim ;149;2.350,00;47;1,0511;50;
Cachoeiras de Macacu ;12;119;10;1,2328;11,9;66.000,00
Cambuci ;17;1.000,00;24;0,916;41,67;2.470.000,00
Carmo ;12;1.156,60;23,05;0,6342;50,18;146.700,00
Cordeiro ;7;212;6,5;1,4189;32,62;916.000,00
Duas Barras ;63;1.250,00;29,2;0,8401;42,81;733.516,00
Duque de Caxias ;4;27;1,93;2,0211;13,99;300.800,00
Itaocara ;25;610;15;1,0191;40,67;1.050.100,00
Itaperuna ;20;700;14;0,94;50;54.570,00
Paty do Alferes ;12;292,95;6,81;1,0394;43,02;621.640,00
Rio Claro ;1;137;4;1,5987;34,25;658.000,00
Santo Antônio de Pádua ;8;120;4;1,55;30;304.479,60
São Fidélis ;47;580,32;13,94;1,0412;41,63;219.016,00
São José de Ubá ;190;7.200,00;180;0,1861;40;186.000,00
São José do Vale do Rio Preto ;238;5.675,00;113,5;0,4974;50;604.203,80
São Sebastião do Alto ;67;3.360,00;56;0,8107;60;1.340.000,00
Sapucaia ;34;1.428,00;34;0,9515;42;2.823.000,00
Sumidouro ;116;4.032,00;96;0,8171;42;2.724.000,00
Vassouras ;2;57;1,5;1,4351;38;1.358.700,00
TOTAL PEPINO ;1.027;30.366,87;681,93;0,6571;44,53;3.294.690,00
CULTURA : PIMENTA;;;;;;81.800,00
Cachoeiras de Macacu ;42;120,5;28,5;7,9191;4,23;19.953.215,40
Rio Bonito ;2;12;2;3;6;
Valença ;16;77,83;34,31;5,5099;2,27;954.250,00
TOTAL PIMENTA ;60;210,33;64,81;6,747;3,25;36.000,00
CULTURA : PIMENTÃO;;;;;;428.837,00
Aperibé ;19;345;15;1,6333;23;1.419.087,00
Areal ;1;15;0,5;2;30;
Barra Mansas ;1;38,29;2,08;2,3122;18,41;563.500,00
Bom Jardim ;297;2.760,00;120;1,0328;23;30.000,00
Bom Jesus do Itabapoana ;4;97,8;4,29;1,555;22,8;88.536,00
Cachoeiras de Macacu ;74;1.216,00;54,2;1,1577;22,44;2.850.620,00
Cambuci ;62;775;121;2,3629;6,4;152.080,00
Cantagalo ;1;7,8;0,35;1,2795;22,29;1.407.800,00
Carmo ;6;57,5;2,3;1,4722;25;1.831.250,00
Duas Barras ;61;909;40,1;1,7679;22,67;9.980,00
Duque de Caxias ;2;0,99;0,12;2,4465;8,25;84.650,00
Italva ;38;823;32,6;1,261;25,25;1.607.000,00
Itaocara ;36;593;23,5;1,771;25,23;2.422,00
Itaperuna ;24;845;22;1,2485;38,41;1.037.810,00
Japeri ;2;2,5;0,7;0,92;3,57;1.050.230,00
Macaé ;1;0,15;0,01;6;15;1.055.000,00
Magé ;13;205;10,25;2,1512;20;2.300,00
Miguel Pereira ;2;109;12,06;1,7247;9,04;900
Nova Friburgo ;37;481,85;17,6;1,5079;27,38;441.000,00
Nova Iguaçu ;20;135;17;1,3655;7,94;187.990,00
Paraíba do Sul ;16;138,93;3,05;4,69;45,55;726.590,00
Paty do Alferes ;102;1.807,02;50,3;1,8016;35,92;184.340,00
Petrópolis ;31;316;14,3;2,5761;22,1;651.585,00
Piraí ;5;43,1;2,22;2,2589;19,41;3.255.573,00
Quatis ;2;12,5;1,5;2,5;8,33;814.060,00
Resende ;3;18,75;1,65;1,7803;11,36;97.360,00
Rio Claro ;2;131,04;6,2;2,4558;21,14;31.250,00
Rio das Ostras ;1;4,1;0,5;1,2559;8,2;33.380,00
Santo Antônio de Pádua ;16;330;11;2,2727;30;321.813,90
São Fidélis ;59;255,58;17,71;0,8716;14,43;5.149,00
São João da Barra ;30;190,3;19;1,067;10,02;750.000,00
São José de Ubá ;125;1.240,00;81;0,6573;15,31;222.771,30
São José do Vale do Rio Preto ;221;1.500,00;75;0,9631;20;203.050,00
São Sebastião do Alto ;80;1.642,00;75;1,676;21,89;815.000,00
Sapucaia ;41;1.148,00;41;0,9829;28;1.444.600,00
Seropédica ;4;43;2;1,7744;21,5;2.752.000,00
Sumidouro ;160;4.764,00;160;1,2337;29,78;1.128.400,00
Teresópolis ;51;498,2;12,55;1,4849;39,7;76.300,00
Trajano de Morais ;75;605;27,5;2,1621;22;5.877.360,00
Vassouras ;12;174,5;4,65;1,8464;37,53;739.800,00
TOTAL PIMENTÃO ;1.737;24.278,90;1.101,79;1,4071;22,04;1.308.100,00
CULTURA : QUIABO;;;;;;322.200,00
Angra dos Reis ;33;230,5;16,5;4,3492;13,97;34.163.750,20
Aperibé ;54;660;55;2,3491;12;
Araruama ;40;160,1;18,2;3,3232;8,8;1.002.500,00
Armação dos Búzios ;15;22,2;1,9;2,9167;11,68;1.550.400,00
Barra Mansas ;9;195,12;14,3;5,0957;13,64;532.050,00
Cabo Frio ;16;42;4,2;2,9643;10;64.750,00
Cachoeiras de Macacu ;103;555,5;119,2;1,647;4,66;994.280,00
Cambuci ;50;1.196,00;50;2,2912;23,92;124.500,00
Campos dos Goytacases ;44;151;12,3;1,8705;12,28;914.900,00
Cantagalo ;10;86,2;4,8;1,3473;17,96;2.740.300,00
Carmo ;4;31,65;2,14;1,8688;14,79;282.450,00
Duas Barras ;13;30,1;1,55;1,9415;19,42;116.135,00
Duque de Caxias ;7;379;36;2,5557;10,53;59.148,00
Guapimirim ;8;92,1;15,3;1,7245;6,02;58.440,00
Iguaba Grande ;10;72,2;7,75;3,3161;9,32;968.600,00
Itaboraí ;31;75,45;6,75;1,7009;11,18;158.830,00
Itaguaí ;5;474;26;2,0633;18,23;239.420,00
Itaocara ;125;1.478,00;114;2,2143;12,96;128.331,00
Itaperuna ;34;203,5;20,7;1,3582;9,83;978.000,00
Japeri ;251;757;87,1;2,2057;8,69;3.272.690,00
Laje do Muriae ;3;14;0,8;2,4964;17,5;276.400,00
Magé ;102;1.007,90;102;2,6063;9,88;1.669.700,00
Miracema ;3;153,7;12,3;1,7976;12,5;34.950,00
Natividade ;4;27,5;2;3,1273;13,75;2.626.920,00
Nova Iguaçu ;231;731;84,8;2,1605;8,62;276.295,00
Paracambi ;34;569,2;38,5;2,9455;14,78;86.000,00
Paraíba do Sul ;4;23,64;1,99;2,0398;11,88;1.579.300,00
Pinheiral ;7;24,5;1,8;2,5918;13,61;1.676.600,00
Queimados ;15;91;11,09;2,6225;8,21;48.219,70
Resende ;6;28,25;1,95;2,3402;14,49;63.500,00
Rio Bonito ;12;88;9;2,3125;9,78;238.650,00
Rio Claro ;6;141;11,8;2,2061;11,95;66.110,00
Rio das Ostras ;1;1,98;0,13;2,2;15,23;203.500,00
Rio de Janeiro ;86;1.437,00;110;1,3308;13,06;311.054,00
Santo Antônio de Pádua ;22;144;12;2,4833;12;4.356,00
São Fidélis ;305;1.076,06;134,88;1,0353;7,98;1.912.300,00
São Francisco de Itabapoana ;31;153;25,8;2,2967;5,93;357.600,00
São Gonçalo ;41;208;26;2,5242;8;1.114.004,70
São João da Barra ;90;1.238,00;107;1,8908;11,57;351.400,00
São Pedro da Aldeia ;24;199;20,9;3,0754;9,52;525.040,00
São Sebastião do Alto ;160;2.774,00;136;1,698;20,4;2.340.800,00
Seropédica ;48;1.776,00;129,5;3,2215;13,71;612.000,00
Silva Jardim ;5;70;10;1,3193;7;4.710.240,00
Sumidouro ;15;404;24,75;1,3446;16,32;5.721.300,00
Tanguá ;39;314;41,5;2,5629;7,57;92.350,00
Volta Redonda ;12;90,7;8,6;2,208;10,55;543.200,00
TOTAL QUIABO ;2.168;19.677,05;1.678,78;2,1666;11,72;804.750,00
CULTURA : TOMATE;;;;;;200.270,00
Aperibé ;4;120;2;3,875;60;42.632.533,40
Bom Jardim ;431;15.900,00;212;1,0317;75;
Bom Jesus do Itabapoana ;2;552,76;7;2,1761;78,97;465.000,00
Cambuci ;161;16.678,00;236,5;3,0438;70,52;16.404.000,00
Cantagalo ;1;43,3;0,75;1,754;57,73;1.202.868,00
Cardoso Moreira ;2;12,5;0,3;1,4;41,67;50.764.200,00
Carmo ;9;466,2;9,34;0,8165;49,91;75.950,00
Cordeiro ;12;630;17;2,5635;37,06;17.500,00
Duas Barras ;60;1.308,00;26,1;2,1498;50,11;380.674,00
Italva ;51;4.405,60;54;1,745;81,59;1.615.000,00
Itaocara ;16;612,5;10,5;2,9766;58,33;2.811.900,00
Itaperuna ;31;2.230,00;35,5;1,2152;62,82;7.687.851,00
Macaé ;1;0,2;0,03;8;6,67;1.823.150,00
Miguel Pereira ;3;386,27;6,7;1,9141;57,65;2.709.800,00
Miracema ;4;1.625,41;23,4;2,2066;69,46;1.600,00
Natividade ;4;240;4;3,4667;60;739.352,30
Nova Friburgo ;348;18.960,00;276,5;2,0437;68,57;3.586.648,00
Paraíba do Sul ;84;4.822,53;61,89;2,4328;77,92;832.000,00
Paty do Alferes ;138;5.269,34;89,8;1,8505;58,68;38.747.850,00
Petrópolis ;31;633;13,9;2,1739;45,54;11.732.179,90
Piraí ;5;135,1;3,12;2,3248;43,3;9.750.695,00
Porciúncula ;6;328;7;3,9634;46,86;1.376.080,00
Porto Real ;5;147;10;3,3959;14,7;314.075,00
Quatis ;3;202;11;3,7111;18,36;1.300.000,00
Rio Claro ;1;851,44;15,6;4,1373;54,58;499.200,00
Santo Antônio de Pádua ;22;2.486,00;22;2,3609;113;749.650,00
São Fidélis ;71;749,33;17,8;1,8242;42,1;3.522.677,00
São José de Ubá ;265;17.850,00;255;1,1176;70;5.869.220,00
São José do Vale do Rio Preto ;318;7.560,00;126;1,3781;60;1.366.917,70
São Sebastião do Alto ;102;7.200,00;119;2,151;60,5;19.950.000,00
Sapucaia ;49;2.940,00;49;1,4429;60;10.418.400,00
Sumidouro ;483;20.230,00;329;2,0547;61,49;15.487.200,00
Tanguá ;1;30,3;3;4,6238;10,1;4.242.000,00
Teresópolis ;40;997;14,3;1,1996;69,72;41.566.200,00
Trajano de Morais ;87;2.862,50;45,3;2,5417;63,19;140.100,00
Valença ;6;922,12;12,85;3,7469;71,76;1.195.970,00
Varre-Sai ;6;131,25;2,9;2,2272;45,26;7.275.745,00
Vassouras ;66;4.235,00;72,1;2,7551;58,74;3.455.068,00
TOTAL TOMATE ;2.929;144.752,65;2.202,18;1,9484;65,73;292.322,50
CULTURA : TOMATE CEREJA;;;;;;11.668.000,00
Engenheiro Paulo de Frontin ;1;1;0,02;6;50;282.037.043,40
Paraíba do Sul ;9;77,03;0,87;6,2794;88,54;
Rio das Ostras ;1;0,52;0,01;6,3;52;6.000,00
Teresópolis ;53;897;9,25;3,2045;96,97;483.698,50
Vassouras ;10;167,5;2,13;6,6284;78,64;3.276,00
TOTAL TOMATE CEREJA ;74;1.143,05;12,28;3,9173;93,08;2.874.400,00
CULTURA : TOMATE - CULT.PROT;;;;;;1.110.250,00
Macaé ;1;0,08;0,03;7,5;2,67;4.477.624,50
Paty do Alferes ;31;70,67;3,11;5,5838;22,72;
Rio das Ostras ;1;0,71;0,01;10;71;600
Vassouras ;3;16,4;0,6;3;27,33;394.610,00
TOTAL TOMATE - CULT.PROTG ;36;87,86;3,75;5,139;23,43;7.100,00
CULTURA : VAGEM;;;;;;49.200,00
Bom Jardim ;231;1.782,00;99;1,1493;18;451.510,00
Cachoeiras de Macacu ;11;110;9;1,5345;12,22;
Carmo ;3;18,83;1,15;1,9595;16,37;2.048.040,00
Duas Barras ;60;439,8;26,6;2,2973;16,53;168.800,00
Duque de Caxias ;2;50,7;5,75;2,4843;8,82;36.897,90
Itaocara ;3;30;2,5;1,8333;12;1.010.340,00
Magé ;8;51;4,25;2,7647;12;125.955,00
Nova Friburgo ;67;681,3;35;2,5709;19,47;55.000,00
Petrópolis ;39;414;20,6;2,9957;20,1;141.000,00
Rio Claro ;2;83,02;4,6;1,952;18,05;1.751.560,00
Rio de Janeiro ;44;412,92;22,5;2,1239;18,35;1.240.200,00
São Fidélis ;20;63,73;5,1;1,9488;12,5;162.058,00
São José do Vale do Rio Preto ;411;3.972,00;219;1,4302;18,14;876.996,00
Sapucaia ;37;592;37;1,4432;16;124.195,50
Sumidouro ;148;2.603,00;137;1,601;19;5.680.620,00
Teresópolis ;34;51,6;3,3;2,2449;15,64;854.400,00
Trajano de Morais ;32;174,6;9,85;2,8266;17,73;4.167.460,00
TOTAL VAGEM ;1.152;11.530,50;642,2;1,6524;17,95;115.836,00
CULTURA : VAGEM FRANCESA;;;;;;493.530,00
Teresópolis ;40;395,9;11,7;6,1388;33,84;19.052.888,40
TOTAL VAGEM FRANCESA ;40;395,9;11,7;6,1388;33,84;
TOTAL Olerícolas Frutos ;17.350;418.380,28;13.548,63;1,3954;30,88;2.430.360,00
GRUPO : Olerícolas Raizes;;;;;;2.430.360,00
CULTURA : AIPIM;;;;;;583.801.750,80
Angra dos Reis ;30;194;23,5;4,4858;8,26;
Aperibé ;10;96;8;1,3;12;
Araruama ;82;1.411,50;102,5;1,2887;13,77;870.250,00
Areal ;5;88,64;7;1,4609;12,66;124.800,00
Armação dos Búzios ;17;24,5;2,67;1,7531;9,18;1.819.000,00
Barra do Pirai ;9;63,1;4,78;3,0081;13,2;129.493,10
Bom Jardim ;225;2.034,00;113;0,9725;18;42.950,00
Bom Jesus do Itabapoana ;12;63;3,5;1,4111;18;189.813,50
Cabo Frio ;28;134;12,7;1,7799;10,55;1.978.020,00
Cachoeiras de Macacu ;361;11.970,00;958;0,7698;12,49;88.900,00
Campos dos Goytacases ;264;2.415,00;259;0,5784;9,32;238.500,00
Carapebus ;10;64;10;1,0477;6,4;9.214.500,00
Cardoso Moreira ;8;105,4;9,9;0,8995;10,65;1.396.750,00
Carmo ;6;166,4;13,6;0,9214;12,24;67.050,00
Casimiro de Abreu ;101;2.273,00;124;1,0832;18,33;94.810,00
Comendador Levy Gasparian ;3;77,43;6;1,4364;12,91;153.320,00
Conceição de Macabu ;28;102;10,7;1,8855;9,53;2.462.100,00
Cordeiro ;10;260;17;1,5808;15,29;111.219,80
Duas Barras ;55;683;40,7;1,0592;16,78;192.320,00
Duque de Caxias ;20;4.990,00;299;2,0505;16,69;411.000,00
Guapimirim ;63;3.524,00;281;1,404;12,54;723.450,00
Iguaba Grande ;21;238;23,2;1,2118;10,26;10.232.000,00
Itaboraí ;42;329,9;28,1;0,9324;11,74;4.947.750,00
Itaguaí ;12;460;35;1,5307;13,14;288.400,00
Italva ;35;284;32,1;0,9956;8,85;307.585,00
Itaocara ;17;132;13;1,1031;10,15;704.100,00
Itaperuna ;30;147,9;19,2;1,0241;7,7;282.740,00
Japeri ;253;4.614,00;355,1;1,71;12,99;145.610,00
Laje do Muriae ;2;25,5;1,6;1,8784;15,94;151.460,00
Macaé ;30;38;4,7;1,1276;8,09;7.889.870,00
Magé ;154;4.494,00;284;1,769;15,82;47.900,00
Mangaratiba ;44;349;33;1,5521;10,58;42.850,00
Maricá ;20;44,93;3,75;0,7766;11,98;7.949.850,00
Mendes ;9;74,25;5,25;2,943;14,14;541.700,00
Natividade ;10;98,47;7,49;1,4045;13,15;34.894,00
Niterói ;7;57,4;4;1,5844;14,35;218.516,00
Nova Friburgo ;72;584,2;36,55;1,3356;15,98;138.300,00
Nova Iguaçu ;256;2.319,00;184;1,6558;12,6;90.944,00
Paracambi ;20;106,5;10;2,0798;10,65;780.270,00
Paraíba do Sul ;12;37,73;2,86;1,4478;13,19;3.839.840,00
Paraty ;25;459,6;40;4,4977;11,49;221.500,00
Paty do Alferes ;17;101,77;8,2;1,1923;12,41;54.627,30
Petrópolis ;19;193;11,2;1,2702;17,23;2.067.150,00
Pinheiral ;6;108,45;6,45;1,4314;16,81;121.341,90
Piraí ;5;268,32;17,61;1,3974;15,24;245.150,00
Porto Real ;4;74;10,5;2,2399;7,05;155.230,00
Quatis ;3;32;5,5;2,2016;5,82;374.952,50
Queimados ;104;1.268,00;90,6;1,5204;14;165.750,00
Quissamã ;50;3.465,00;318;2,3552;10,9;70.450,00
Rio Bonito ;149;4.452,00;310;0,8698;14,36;1.927.920,00
Rio das Ostras ;7;217,6;21,9;1,4929;9,94;8.160.750,00
Rio de Janeiro ;148;18.600,00;1.315,00;1,0559;14,14;3.872.400,00
Santa Maria Madalena ;9;179,7;11,97;1,4393;15,01;324.850,00
São Francisco de Itabapoana ;525;41.980,00;3.020,00;0,5124;13,9;19.639.000,00
São Gonçalo ;52;755,4;49;1,5201;15,42;258.634,80
São João da Barra ;54;748,5;52;0,7018;14,39;21.509.200,00
São José do Vale do Rio Preto ;46;216;12;0,6204;18;1.148.312,00
São Pedro da Aldeia ;49;708;68,4;1,2386;10,35;525.300,00
Saquarema ;58;604;57;1,4272;10,6;134.010,00
Seropédica ;90;1.542,00;109;1,585;14,15;876.900,00
Silva Jardim ;188;8.070,00;800;0,6404;10,09;862.000,00
Sumidouro ;114;3.344,00;209;0,9871;16;2.444.080,00
Tanguá ;79;3.335,00;227,7;1,137;14,65;5.168.000,00
Trajano de Morais ;67;1.310,00;69,1;1,3024;18,96;3.300.960,00
Três Rios ;3;69,67;5,5;1,4871;12,67;3.792.000,00
Valença ;17;640,25;49,4;2,3307;12,96;1.706.100,00
Varre-Sai ;4;93,6;6,51;1,1994;14,38;103.609,10
TOTAL AIPIM ;4.285;138.009,61;10.290,99;1,0128;13,41;1.492.214,00
CULTURA : BATATA;;;;;;112.260,00
Nova Friburgo ;19;170,7;9,5;1,4139;17,97;139.777.477,00
Petrópolis ;5;31;1,1;1,2645;28,18;
Trajano de Morais ;20;240;11,6;1,035;20,69;241.357,00
TOTAL BATATA ;44;441,7;22,2;1,1975;19,9;39.200,00
CULTURA : BATATA DOCE;;;;;;248.400,00
Bom Jardim ;403;3.570,00;255;0,9489;14;528.957,00
Cachoeiras de Macacu ;90;1.338,00;116,5;0,9007;11,48;
Campos dos Goytacases ;28;84;8;0,8315;10,5;3.387.720,00
Casimiro de Abreu ;4;8,54;0,7;1,9157;12,2;1.205.200,00
Conceição de Macabu ;3;11,2;1;2;11,2;69.850,00
Duas Barras ;15;132;10,5;0,9511;12,57;16.360,00
Duque de Caxias ;8;613;56;2,5715;10,95;22.400,00
Guapimirim ;5;196;20,2;1,4857;9,7;125.550,00
Iguaba Grande ;8;33,6;7,55;3,214;4,45;1.576.300,00
Macaé ;1;0,66;0,26;4,1818;2,54;291.200,00
Magé ;54;966;80,5;1,5957;12;107.990,00
Nova Friburgo ;21;216,31;15,6;1,2965;13,87;2.760,00
Queimados ;4;17,57;1,34;1,6106;13,11;1.541.400,00
Rio de Janeiro ;29;172;14,4;0,6676;11,94;280.443,00
São João da Barra ;30;424,5;30,25;0,8186;14,03;28.298,20
São Pedro da Aldeia ;9;64,9;12;3,0285;5,41;114.820,00
Trajano de Morais ;74;676;48,8;1,2075;13,85;347.505,00
TOTAL BATATA DOCE ;786;8.524,28;678,6;1,1884;12,56;196.550,00
CULTURA : BETERRABA;;;;;;816.300,00
Barra Mansas ;1;154,65;6,21;2,0488;24,9;10.130.646,20
Nova Friburgo ;29;344,63;13,95;1,5493;24,7;
Petrópolis ;52;294;9,9;1,2696;29,7;316.850,50
Rio Claro ;2;129,56;6,3;0,6273;20,57;533.922,50
Sumidouro ;42;771;48;0,9113;16,06;373.260,00
Teresópolis ;64;632,6;25,4;1,2307;24,91;81.269,00
TOTAL BETERRABA ;190;2.326,44;109,76;1,1977;21,2;702.607,50
CULTURA : CARÁ;;;;;;778.530,00
Magé ;11;208;13;1,8192;16;2.786.439,50
TOTAL CARÁ ;11;208;13;1,8192;16;
CULTURA : CENOURA;;;;;;378.400,00
Duque de Caxias ;2;15,7;0,83;2,0779;18,92;378.400,00
Nova Friburgo ;19;345,03;13,75;1,7768;25,09;
Petrópolis ;74;162;7,05;1,5765;22,98;32.622,50
São José do Vale do Rio Preto ;79;525;21;1,4086;25;613.037,50
Sapucaia ;38;836;38;0,8684;22;255.400,00
Teresópolis ;22;375,69;13,6;1,4225;27,62;739.500,00
TOTAL CENOURA ;234;2.259,42;94,23;1,2839;23,98;726.000,00
CULTURA : INHAME;;;;;;534.408,00
Bom Jardim ;326;5.681,00;247;1,1065;23;2.900.968,00
Cachoeiras de Macacu ;55;566;49,5;1,6106;11,43;
Casimiro de Abreu ;47;958;59;1,9965;16,24;6.285.900,00
Conceição de Macabu ;1;5,3;0,3;2;17,67;911.600,00
Duas Barras ;33;346;17,4;2,222;19,89;1.912.600,00
Duque de Caxias ;4;487;48;2,5795;10,15;10.600,00
Guapimirim ;5;149,5;12,1;2,096;12,36;768.800,00
Italva ;2;36;3;1,5386;12;1.256.200,00
Macaé ;1;0,4;0,3;3,5;1,33;313.350,00
Magé ;22;415;23,5;2,1951;17,66;55.390,00
Natividade ;1;7;0,6;2;11,67;1.400,00
Nova Friburgo ;105;1.129,20;74,3;1,9056;15,2;910.950,00
Rio Claro ;2;13,02;0,9;2,1466;14,47;14.000,00
Silva Jardim ;4;65;5;1,1415;13;2.151.750,00
Sumidouro ;20;440;27,5;1,3336;16;27.949,00
Trajano de Morais ;50;1.024,50;57,8;2,3791;17,72;74.200,00
TOTAL INHAME ;678;11.322,92;626,2;1,5649;18,08;586.800,00
CULTURA : NABO;;;;;;2.437.350,00
Nova Friburgo ;18;225,3;9,1;2,2574;24,76;17.718.839,00
TOTAL NABO ;18;225,3;9,1;2,2574;24,76;
TOTAL Olerícolas Raizes ;6.246;163.317,67;11.844,08;1,0699;13,79;508.600,00
GRUPO : Outras Culturas;;;;;;508.600,00
CULTURA : CANA CACHAÇA;;;;;;174.730.326,70
Miracema ;2;566,4;10,1;0,15;56,08;
Paraíba do Sul ;7;1.155,00;16,45;0,4575;70,21;
Paraty ;6;617,5;13,67;0,5;45,17;84.960,00
Porto Real ;3;120;3,2;0,305;37,5;528.360,00
Quatis ;6;1.175,00;23,15;0,2931;50,76;308.750,00
Resende ;4;639,5;11;0,2255;58,14;36.600,00
Rio das Flores ;4;295;4;0,12;73,75;344.350,00
Valença ;18;7.673,90;130;0,4098;59,03;144.215,00
TOTAL CANA CACHAÇA ;50;12.242,30;211,57;0,378;57,86;35.400,00
CULTURA : CANA CALDO;;;;;;3.144.669,80
Angra dos Reis ;14;590;14,5;0,2398;40,69;4.627.304,80
Cabo Frio ;6;206;5,2;0,3766;39,62;
Campos dos Goytacases ;79;1.950,00;53;0,3727;36,79;141.500,00
Duque de Caxias ;10;1.568,00;51,2;1,5361;30,63;77.570,00
Itaguaí ;15;365;30;1,5;12,17;726.740,00
Mangaratiba ;20;375;11;1,1533;34,09;2.408.650,00
Niterói ;5;168;4,2;1,1126;40;547.500,00
Paraíba do Sul ;4;92,45;2,26;0,437;40,91;432.500,00
Queimados ;6;292;7,32;0,3326;39,89;186.920,00
São Gonçalo ;28;2.520,00;56;0,9864;45;40.400,00
São João da Barra ;24;935;18,5;0,239;50,54;97.110,00
Seropédica ;28;2.271,00;102;0,6143;22,26;2.485.800,00
TOTAL CANA CALDO ;239;11.332,45;355,18;0,7733;31,91;223.500,00
CULTURA : CANA DE AÇUCAR;;;;;;1.395.100,00
Araruama ;1;224.090,00;3.730,00;0,07;60,08;8.763.290,00
Cabo Frio ;1;116.000,00;2.937,00;0,0633;39,5;
Cambuci ;58;5.400,00;135;0,1;40;15.686.300,00
Campos dos Goytacases ;1.243;1.350.700,00;30.434,00;0,0712;44,38;7.345.000,00
Cardoso Moreira ;1;7.100,00;150;0,0575;47,33;540.000,00
Italva ;350;15.759,00;350;0,097;45,03;96.159.000,00
Quissamã ;7;36.700,00;590;0,07;62,2;408.000,00
São Fidélis ;15;5.411,92;144,2;0,07;37,53;1.528.700,00
São Francisco de Itabapoana ;570;599.800,00;13.355,00;0,0601;44,91;2.569.000,00
São Pedro da Aldeia ;1;55.030,56;705,52;0,07;78;378.834,40
Silva Jardim ;12;4.410,00;102;0,08;43,24;36.071.000,00
TOTAL CANA DE AÇUCAR ;2.259;2.420.401,48;52.632,72;0,0681;45,99;3.852.139,20
CULTURA : CANA FORRAGEIRA;;;;;;352.800,00
Barra do Pirai ;51;5.192,00;83,5;0,1534;62,18;164.890.773,60
Cabo Frio ;5;1.445,00;19;0,2213;76,05;
Carapebus ;27;595;32;0,0772;18,59;796.500,00
Cardoso Moreira ;120;513,1;19,9;0,0588;25,78;319.750,00
Carmo ;336;11.160,00;168;0,08;66,43;45.950,00
Duas Barras ;135;4.887,00;81,7;0,1043;59,82;30.186,00
Duque de Caxias ;5;2.040,00;60,5;0,151;33,72;892.800,00
Itaocara ;215;5.155,00;145;0,1152;35,55;509.940,00
Macuco ;22;320;6;0,105;53,33;308.000,00
Miracema ;320;16.827,10;293;0,09;57,43;594.100,00
Natividade ;200;12.110,00;200;0,05;60,55;33.600,00
Paraíba do Sul ;12;707,2;8,16;0,4552;86,67;1.514.439,00
Porciúncula ;230;42.800,00;665;0,1129;64,36;605.500,00
Porto Real ;9;310;9,5;0,2898;32,63;321.912,00
Quatis ;17;1.640,00;36;0,228;45,56;4.830.000,00
Resende ;132;3.773,10;71;0,26;53,14;89.850,00
Rio Claro ;60;1.003,26;22;0,55;45,6;374.000,00
Rio das Flores ;27;920;13,2;0,1;69,7;981.006,00
Santa Maria Madalena ;35;1.926,00;25,68;0,1432;75;551.793,00
São João da Barra ;49;1.685,00;33,5;0,1215;50,3;92.000,00
Valença ;22;2.946,50;48,8;0,2219;60,38;275.842,50
TOTAL CANA FORRAGEIRA ;2.029;117.955,26;2.041,44;0,1189;57,78;204.700,00
CULTURA : LOURO;;;;;;653.819,30
Miguel Pereira ;15;16,1;3,95;5;4,08;14.025.687,80
Paty do Alferes ;21;156,87;40,11;4,9177;3,91;
TOTAL LOURO ;36;172,97;44,06;4,9254;3,93;80.500,00
CULTURA : MANDIOCA;;;;;;771.438,10
Cambuci ;56;1.035,00;79,5;1,5017;13,02;851.938,10
Campos dos Goytacases ;153;913;62;0,2221;14,73;
Macuco ;4;38,75;1,75;1,0581;22,14;1.554.300,00
Miracema ;5;204,36;11,7;1,1445;17,47;202.760,00
Porciúncula ;13;173,5;8,2;0,2862;21,16;41.000,00
Rio Claro ;3;225,31;18,7;1,9485;12,05;233.880,00
São Francisco de Itabapoana ;418;73.200,00;3.750,00;0,101;19,52;49.650,00
TOTAL MANDIOCA ;652;75.789,92;3.931,85;0,1308;19,28;439.023,50
CULTURA : MILHO FORRAGEIRO;;;;;;7.396.000,00
Cardoso Moreira ;12;290,72;21,35;0,3512;13,62;9.916.613,50
Carmo ;2;13.072,00;302,48;0,25;43,22;
Cordeiro ;8;2.350,00;53;0,3319;44,34;102.102,00
Duas Barras ;85;6.456,00;158,5;0,1954;40,73;3.268.000,00
Italva ;41;2.050,20;56;0,1779;36,61;780.000,00
Itaperuna ;65;150;60;0,65;2,5;1.261.350,00
Macaé ;1;880;20;0,05;44;364.730,00
Macuco ;15;1.132,00;30;0,249;37,73;97.500,00
Natividade ;8;760;42;0,18;18,1;44.000,00
Paraíba do Sul ;10;2.260,00;53,11;0,5237;42,55;281.850,00
Porciúncula ;27;4.870,00;144;0,3349;33,82;136.800,00
Porto Real ;7;225;9;0,2667;25;1.183.520,00
Quatis ;6;160;8;0,3531;20;1.631.000,00
Resende ;10;2.657,00;58;0,1762;45,81;60.000,00
Rio das Flores ;17;2.881,00;64,5;0,1731;44,67;56.500,00
TOTAL MILHO FORRAGEIRO ;314;40.193,92;1.079,94;0,2546;37,22;468.150,00
CULTURA : PALMITO;;;;;;498.780,00
Angra dos Reis ;109;495,5;98;20;5,06;10.234.282,00
Cachoeiras de Macacu ;15;69;55,5;5,1522;1,24;
Guapimirim ;12;33,6;19,3;8,8006;1,74;9.910.000,00
Magé ;22;89,1;28,5;13,0017;3,13;355.500,00
Mangaratiba ;20;50;25;15,96;2;295.700,00
Paraty ;100;758;130;20,3478;5,83;1.158.450,00
Rio Claro ;1;8,3;2,8;5,6988;2,96;798.000,00
Saquarema ;4;18,9;4;26,5873;4,73;15.423.600,00
Silva Jardim ;10;489;125;7,8487;3,91;47.300,00
Valença ;6;37,55;8,5;17,7606;4,42;502.500,00
Vassouras ;2;69,5;12,3;12,0899;5,65;3.838.000,00
TOTAL PALMITO ;301;2.118,45;508,9;15,9722;4,16;666.910,00
CULTURA : URUCUM;;;;;;840.250,00
São Francisco de Itabapoana ;2;15;10;1;1,5;33.836.210,00
TOTAL URUCUM ;2;15;10;1;1,5;
TOTAL Outras Culturas ;5.882;2.680.221,75;60.815,66;0,0922;44,07;15.000,00
TOTAL ESTADO ;53.492;3.987.005,54;139.060,52;0,5315;28,67;15.000,00
FONTE: Acompanhamento Sistemático da Produção Agrícola-ASPA,Estado do Rio de Janeiro,2019-SISTEMA AGROGEO;;;;;;247.161.099,80
Empresade Assistência Técnica e Extensão Rural do Estado do Rio de Janeiro-EMATER-RIO/CPLAN/NIDOC;;;;;;2.119.056.239,10
;;;;;;
RESUMO - GRUPOS DE CULTURAS DO ESTADO DO SISTEMA ASPA/AGROGEO - ANO 2019;;;;;;
RIO DE JANEIRO;;;;;;
;;;;;;
GRUPOS DE CULTURAS;Nº  PRODUTORES;PRODUÇÃO COLHIDA (t);ÁREA COLHIDA (ha);PREÇO   (R$/KG);PRODUTIVIDADE    (t/ha);
FRUTICULTURA;8.658;416.410,80;27.229,96;1,3353;15,29;
GRÃOS;4.399;22.875,14;15.355,27;3,7995;1,49;FATURAMENTO BRUTO(R$)
OLERÍCOLAS FOLHAS;10.957;285.799,90;10.266,92;1,6459;27,84;556.049.948,40
OLERÍCOLAS FRUTOS;17.350;418.380,28;13.548,63;1,3954;30,88;86.914.175,30
OLERÍCOLAS RAÍZES;6.246;163.317,67;11.844,08;1,0699;13,79;470.398.938,10
OUTRAS CULTURAS;5.882;2.680.221,75;60.815,66;0,0922;44,07;583.801.750,80
TOTAL ESTADO ;53.492;3.987.005,54;139.060,52;0,5315;28,67;174.730.326,70
FONTE: Acompanhamento Sistemático da Produção Agrícola-ASPA,Estado do Rio de Janeiro,2019-SISTEMA AGROGEO;;;;;;247.161.099,80
Empresade Assistência Técnica e Extensão Rural do Estado do Rio de Janeiro-EMATER-RIO/CPLAN/NIDOC;;;;;;2.119.056.239,10
;;;;;;
RESUMOS - CULTURAS DO SISTEMA ASPA/AGROGEO-ANO 2019;;;;;;
ESTADO DO RIO DE JANEIRO;;;;;;
;;;;;;
ORDEM ALFABÉTICA;;;;;;
CULTURAS;Nº  PRODUTORES;PRODUÇÃO COLHIDA (t);ÁREA COLHIDA (ha);PREÇO   (R$/KG);PRODUTIVIDADE    (t/ha);
ABACATE ;66;196,79;28,58;1,3472;6,89;
ABACAXI ;760;116.046,50;4.612,05;1,2166;25,16;FATURAMENTO BRUTO(R$)
ABOBORA ;520;11.839,14;747,14;1,4762;15,85;265.114,40
ABOBRINHA ;1.174;11.796,39;741,03;0,9424;15,92;141.178.440,00
ACEROLA ;6;27,45;6;2,6975;4,58;17.477.369,50
AGRIÃO ;244;4.610,68;210,84;2,2693;21,87;11.117.473,30
AIPIM ;4.285;138.009,61;10.290,99;1,0128;13,41;74.047,50
ALFACE ;2.416;112.124,70;4.522,46;1,2782;24,79;10.463.039,00
ALFACE - CULT. PROTG ;156;4.952,95;91,24;1,4661;54,28;139.777.477,00
ALHO PORRÓ ;88;646,7;25;2,2871;25,87;143.313.235,40
ARROZ ;41;618,6;235,4;1,663;2,63;7.261.310,00
BANANA ;1.035;14.480,30;2.143,67;1,8856;6,75;1.479.056,00
BANANA NANICA ;1.044;27.166,48;2.329,85;1,3163;11,66;1.028.759,00
BANANA PRATA ;1.633;44.995,33;5.835,11;1,5072;7,71;27.304.348,80
BATATA ;44;441,7;22,2;1,1975;19,9;35.758.491,60
BATATA DOCE ;786;8.524,28;678,6;1,1884;12,56;67.817.096,70
BERINJELA ;1.135;18.688,64;693,42;1,0476;26,95;528.957,00
BERTALHA ;52;1.246,00;50,45;2,2191;24,7;10.130.646,20
BETERRABA ;190;2.326,44;109,76;1,1977;21,2;19.578.651,80
BROCOLOS ;1.381;25.767,54;1.298,52;1,9823;19,84;2.764.940,00
CAFÉ ;2.550;13.848,85;12.671,50;5,4743;1,09;2.786.439,50
CAJU ;1;4,7;0,6;1,9064;7,83;51.079.772,10
CANA CACHAÇA ;50;12.242,30;211,57;0,378;57,86;75.809.403,00
CANA CALDO ;239;11.332,45;355,18;0,7733;31,91;8.960,00
CANA DE AÇUCAR ;2.259;2.420.401,48;52.632,72;0,0681;45,99;4.627.304,80
CANA FORRAGEIRA ;2.029;117.955,26;2.041,44;0,1189;57,78;8.763.290,00
CAQUI ;319;13.975,10;588,6;1,4937;23,74;164.890.773,60
CARÁ ;11;208;13;1,8192;16;14.025.687,80
CEBOLINHA ;578;7.951,97;504,85;2,5347;15,75;20.874.800,00
CENOURA ;234;2.259,42;94,23;1,2839;23,98;378.400,00
CHICÓRIA ;546;6.914,53;240,47;1,0472;28,75;20.156.123,80
CHUCHU ;1.392;97.877,11;1.408,87;0,5445;69,47;2.900.968,00
COCO VERDE ;668;41.176,76;2.214,71;0,9133;18,59;7.241.201,30
COENTRO ;540;3.540,94;210,92;4,5474;16,79;53.297.088,50
COUVE ;1.188;37.484,69;763,93;2,7344;49,07;37.604.805,30
COUVE FLOR ;1.663;32.557,36;1.088,53;1,4426;29,91;16.102.155,80
ERVILHA ;365;1.613,46;180;5,6046;8,96;102.498.551,80
ESPINAFRE ;366;8.638,00;250,79;1,273;34,44;46.966.950,60
FEIJÃO ;1.051;1.251,17;1.052,85;3,435;1,19;9.042.760,00
FEIJÃO GUANDU ;44;37;25,7;13,1622;1,44;10.996.346,50
FEIJÃO MAUÁ ;400;1.576,47;352,25;2,1;4,48;4.297.739,80
FIGO ;1;3,9;0,35;7,9077;11,14;487.000,00
GOIABA ;380;21.401,64;761,79;1,5138;28,09;3.310.599,50
GRAVIOLA ;3;33;3;6,7273;11;30.840,00
INHAME ;678;11.322,92;626,2;1,5649;18,08;32.397.170,00
JILÓ ;1.756;24.041,73;1.164,22;1,4644;20,65;222.000,00
LARANJA ;889;71.767,46;5.303,10;1,3731;13,53;17.718.839,00
LIMÃO ;445;24.024,30;1.223,98;1,7498;19,63;35.206.340,10
LIXIA ;4;15,6;4,6;10;3,39;98.544.347,00
LOURO ;36;172,97;44,06;4,9254;3,93;42.038.017,90
MANDIOCA ;652;75.789,92;3.931,85;0,1308;19,28;156.000,00
MANGA ;193;2.642,62;137,46;1,0559;19,22;851.938,10
MARACUJÁ ;493;4.832,04;425,31;2,245;11,36;9.916.613,50
MAXIXE ;437;1.431,47;160,1;1,3212;8,94;2.790.384,00
MELANCIA ;6;8,6;0,4;0,7733;21,5;10.847.725,40
MILHO ;757;7.156,52;1.395,52;0,8074;5,13;1.891.285,70
MILHO FORRAGEIRO ;314;40.193,92;1.079,94;0,2546;37,22;6.650,00
MILHO VERDE ;845;16.072,32;1.640,14;0,9394;9,8;5.778.273,50
MORANGO ;53;954,84;35,94;11,1742;26,57;10.234.282,00
NABO ;18;225,3;9,1;2,2574;24,76;15.098.990,10
PALMITO ;301;2.118,45;508,9;15,9722;4,16;10.669.530,00
PEPINO ;1.027;30.366,87;681,93;0,6571;44,53;508.600,00
PESSEGO ;1;3;0,3;5,12;10;33.836.210,00
PIMENTA ;60;210,33;64,81;6,747;3,25;19.953.215,40
PIMENTÃO ;1.737;24.278,90;1.101,79;1,4071;22,04;15.360,00
PINHA ;1;3;2;8,1333;1,5;1.419.087,00
QUIABO ;2.168;19.677,05;1.678,78;2,1666;11,72;34.163.750,20
REPOLHO ;1.102;29.384,94;676,07;0,7715;43,46;24.400,00
RÚCULA ;84;367,27;34,28;3,3937;10,71;42.632.533,40
RÚCULA - CULT. PROTG ;51;1.497,03;36,71;4,5104;40,78;22.671.102,30
SALSA ;502;8.114,60;261,86;2,3916;30,99;1.246.419,50
TANGERINA ;79;5.772,79;243,3;1,3414;23,73;6.752.225,00
TANGERINA PONCÃ ;624;27.719,38;1.347,15;1,0643;20,58;19.406.509,00
TOMATE ;2.929;144.752,65;2.202,18;1,9484;65,73;7.743.404,00
TOMATE - CULT.PROTG ;36;87,86;3,75;5,139;23,43;29.502.358,00
TOMATE CEREJA ;74;1.143,05;12,28;3,9173;93,08;282.037.043,40
URUCUM ;2;15;10;1;1,5;451.510,00
UVA ;13;122,66;18,45;6,9447;6,65;4.477.624,50
VAGEM ;1.152;11.530,50;642,2;1,6524;17,95;15.000,00
VAGEM FRANCESA ;40;395,9;11,7;6,1388;33,84;851.837,80
ESTADO;53.492;3.987.005,54;139.060,52;0,5315;28,67;19.052.888,40
FONTE: Acompanhamento Sistemático da Produção Agrícola-ASPA,Estado do Rio de Janeiro,2019-SISTEMA AGROGEO;;;;;;2.430.360,00
Empresade Assistência Técnica e Extensão Rural do Estado do Rio de Janeiro-EMATER-RIO/CPLAN/NIDOC;;;;;;2.119.056.239,10
;;;;;;
ORDEM Decrescente de Produção Colhida;;;;;;
CULTURAS;Nº  PRODUTORES;PRODUÇÃO COLHIDA (t);ÁREA COLHIDA (ha);PREÇO   (R$/KG);PRODUTIVIDADE    (t/ha);
CANA DE AÇUCAR ;2.259;2.420.401,48;52.632,72;0,0681;45,99;
TOMATE ;2.929;144.752,65;2.202,18;1,9484;65,73;FATURAMENTO BRUTO(R$)
AIPIM ;4.285;138.009,61;10.290,99;1,0128;13,41;164.890.773,60
CANA FORRAGEIRA ;2.029;117.955,26;2.041,44;0,1189;57,78;282.037.043,40
ABACAXI ;760;116.046,50;4.612,05;1,2166;25,16;139.777.477,00
ALFACE ;2.416;112.124,70;4.522,46;1,2782;24,79;14.025.687,80
CHUCHU ;1.392;97.877,11;1.408,87;0,5445;69,47;141.178.440,00
MANDIOCA ;652;75.789,92;3.931,85;0,1308;19,28;143.313.235,40
LARANJA ;889;71.767,46;5.303,10;1,3731;13,53;53.297.088,50
BANANA PRATA ;1.633;44.995,33;5.835,11;1,5072;7,71;9.916.613,50
COCO VERDE ;668;41.176,76;2.214,71;0,9133;18,59;98.544.347,00
MILHO FORRAGEIRO ;314;40.193,92;1.079,94;0,2546;37,22;67.817.096,70
COUVE ;1.188;37.484,69;763,93;2,7344;49,07;37.604.805,30
COUVE FLOR ;1.663;32.557,36;1.088,53;1,4426;29,91;10.234.282,00
PEPINO ;1.027;30.366,87;681,93;0,6571;44,53;102.498.551,80
REPOLHO ;1.102;29.384,94;676,07;0,7715;43,46;46.966.950,60
TANGERINA PONCÃ ;624;27.719,38;1.347,15;1,0643;20,58;19.953.215,40
BANANA NANICA ;1.044;27.166,48;2.329,85;1,3163;11,66;22.671.102,30
BROCOLOS ;1.381;25.767,54;1.298,52;1,9823;19,84;29.502.358,00
PIMENTÃO ;1.737;24.278,90;1.101,79;1,4071;22,04;35.758.491,60
JILÓ ;1.756;24.041,73;1.164,22;1,4644;20,65;51.079.772,10
LIMÃO ;445;24.024,30;1.223,98;1,7498;19,63;34.163.750,20
GOIABA ;380;21.401,64;761,79;1,5138;28,09;35.206.340,10
QUIABO ;2.168;19.677,05;1.678,78;2,1666;11,72;42.038.017,90
BERINJELA ;1.135;18.688,64;693,42;1,0476;26,95;32.397.170,00
MILHO VERDE ;845;16.072,32;1.640,14;0,9394;9,8;42.632.533,40
BANANA ;1.035;14.480,30;2.143,67;1,8856;6,75;19.578.651,80
CAQUI ;319;13.975,10;588,6;1,4937;23,74;15.098.990,10
CAFÉ ;2.550;13.848,85;12.671,50;5,4743;1,09;27.304.348,80
CANA CACHAÇA ;50;12.242,30;211,57;0,378;57,86;20.874.800,00
ABOBORA ;520;11.839,14;747,14;1,4762;15,85;75.809.403,00
ABOBRINHA ;1.174;11.796,39;741,03;0,9424;15,92;4.627.304,80
VAGEM ;1.152;11.530,50;642,2;1,6524;17,95;17.477.369,50
CANA CALDO ;239;11.332,45;355,18;0,7733;31,91;11.117.473,30
INHAME ;678;11.322,92;626,2;1,5649;18,08;19.052.888,40
ESPINAFRE ;366;8.638,00;250,79;1,273;34,44;8.763.290,00
BATATA DOCE ;786;8.524,28;678,6;1,1884;12,56;17.718.839,00
SALSA ;502;8.114,60;261,86;2,3916;30,99;10.996.346,50
CEBOLINHA ;578;7.951,97;504,85;2,5347;15,75;10.130.646,20
MILHO ;757;7.156,52;1.395,52;0,8074;5,13;19.406.509,00
CHICÓRIA ;546;6.914,53;240,47;1,0472;28,75;20.156.123,80
TANGERINA ;79;5.772,79;243,3;1,3414;23,73;5.778.273,50
ALFACE - CULT. PROTG ;156;4.952,95;91,24;1,4661;54,28;7.241.201,30
MARACUJÁ ;493;4.832,04;425,31;2,245;11,36;7.743.404,00
AGRIÃO ;244;4.610,68;210,84;2,2693;21,87;7.261.310,00
COENTRO ;540;3.540,94;210,92;4,5474;16,79;10.847.725,40
MANGA ;193;2.642,62;137,46;1,0559;19,22;10.463.039,00
BETERRABA ;190;2.326,44;109,76;1,1977;21,2;16.102.155,80
CENOURA ;234;2.259,42;94,23;1,2839;23,98;2.790.384,00
PALMITO ;301;2.118,45;508,9;15,9722;4,16;2.786.439,50
ERVILHA ;365;1.613,46;180;5,6046;8,96;2.900.968,00
FEIJÃO MAUÁ ;400;1.576,47;352,25;2,1;4,48;33.836.210,00
RÚCULA - CULT. PROTG ;51;1.497,03;36,71;4,5104;40,78;9.042.760,00
MAXIXE ;437;1.431,47;160,1;1,3212;8,94;3.310.599,50
FEIJÃO ;1.051;1.251,17;1.052,85;3,435;1,19;6.752.225,00
BERTALHA ;52;1.246,00;50,45;2,2191;24,7;1.891.285,70
TOMATE CEREJA ;74;1.143,05;12,28;3,9173;93,08;4.297.739,80
MORANGO ;53;954,84;35,94;11,1742;26,57;2.764.940,00
ALHO PORRÓ ;88;646,7;25;2,2871;25,87;4.477.624,50
ARROZ ;41;618,6;235,4;1,663;2,63;10.669.530,00
BATATA ;44;441,7;22,2;1,1975;19,9;1.479.056,00
VAGEM FRANCESA ;40;395,9;11,7;6,1388;33,84;1.028.759,00
RÚCULA ;84;367,27;34,28;3,3937;10,71;528.957,00
NABO ;18;225,3;9,1;2,2574;24,76;2.430.360,00
PIMENTA ;60;210,33;64,81;6,747;3,25;1.246.419,50
CARÁ ;11;208;13;1,8192;16;508.600,00
ABACATE ;66;196,79;28,58;1,3472;6,89;1.419.087,00
LOURO ;36;172,97;44,06;4,9254;3,93;378.400,00
UVA ;13;122,66;18,45;6,9447;6,65;265.114,40
TOMATE - CULT.PROTG ;36;87,86;3,75;5,139;23,43;851.938,10
FEIJÃO GUANDU ;44;37;25,7;13,1622;1,44;851.837,80
GRAVIOLA ;3;33;3;6,7273;11;451.510,00
ACEROLA ;6;27,45;6;2,6975;4,58;487.000,00
LIXIA ;4;15,6;4,6;10;3,39;222.000,00
URUCUM ;2;15;10;1;1,5;74.047,50
MELANCIA ;6;8,6;0,4;0,7733;21,5;156.000,00
CAJU ;1;4,7;0,6;1,9064;7,83;15.000,00
FIGO ;1;3,9;0,35;7,9077;11,14;6.650,00
PESSEGO ;1;3;0,3;5,12;10;8.960,00
PINHA ;1;3;2;8,1333;1,5;30.840,00
ESTADO;53.492;3.987.005,54;139.060,52;0,5315;28,67;15.360,00
FONTE: Acompanhamento Sistemático da Produção Agrícola-ASPA,Estado do Rio de Janeiro,2019-SISTEMA AGROGEO;;;;;;24.400,00
Empresade Assistência Técnica e Extensão Rural do Estado do Rio de Janeiro-EMATER-RIO/CPLAN/NIDOC;;;;;;2.119.056.239,10
;;;;;;
ORDEM Decrescente de Área Colhida;;;;;;
CULTURAS;Nº  PRODUTORES;PRODUÇÃO COLHIDA (t);ÁREA COLHIDA (ha);PREÇO   (R$/KG);PRODUTIVIDADE    (t/ha);
CANA DE AÇUCAR ;2.259;2.420.401,48;52.632,72;0,0681;45,99;
CAFÉ ;2.550;13.848,85;12.671,50;5,4743;1,09;FATURAMENTO BRUTO(R$)
AIPIM ;4.285;138.009,61;10.290,99;1,0128;13,41;164.890.773,60
BANANA PRATA ;1.633;44.995,33;5.835,11;1,5072;7,71;75.809.403,00
LARANJA ;889;71.767,46;5.303,10;1,3731;13,53;139.777.477,00
ABACAXI ;760;116.046,50;4.612,05;1,2166;25,16;67.817.096,70
ALFACE ;2.416;112.124,70;4.522,46;1,2782;24,79;98.544.347,00
MANDIOCA ;652;75.789,92;3.931,85;0,1308;19,28;141.178.440,00
BANANA NANICA ;1.044;27.166,48;2.329,85;1,3163;11,66;143.313.235,40
COCO VERDE ;668;41.176,76;2.214,71;0,9133;18,59;9.916.613,50
TOMATE ;2.929;144.752,65;2.202,18;1,9484;65,73;35.758.491,60
BANANA ;1.035;14.480,30;2.143,67;1,8856;6,75;37.604.805,30
CANA FORRAGEIRA ;2.029;117.955,26;2.041,44;0,1189;57,78;282.037.043,40
QUIABO ;2.168;19.677,05;1.678,78;2,1666;11,72;27.304.348,80
MILHO VERDE ;845;16.072,32;1.640,14;0,9394;9,8;14.025.687,80
CHUCHU ;1.392;97.877,11;1.408,87;0,5445;69,47;42.632.533,40
MILHO ;757;7.156,52;1.395,52;0,8074;5,13;15.098.990,10
TANGERINA PONCÃ ;624;27.719,38;1.347,15;1,0643;20,58;53.297.088,50
BROCOLOS ;1.381;25.767,54;1.298,52;1,9823;19,84;5.778.273,50
LIMÃO ;445;24.024,30;1.223,98;1,7498;19,63;29.502.358,00
JILÓ ;1.756;24.041,73;1.164,22;1,4644;20,65;51.079.772,10
PIMENTÃO ;1.737;24.278,90;1.101,79;1,4071;22,04;42.038.017,90
COUVE FLOR ;1.663;32.557,36;1.088,53;1,4426;29,91;35.206.340,10
MILHO FORRAGEIRO ;314;40.193,92;1.079,94;0,2546;37,22;34.163.750,20
FEIJÃO ;1.051;1.251,17;1.052,85;3,435;1,19;46.966.950,60
COUVE ;1.188;37.484,69;763,93;2,7344;49,07;10.234.282,00
GOIABA ;380;21.401,64;761,79;1,5138;28,09;4.297.739,80
ABOBORA ;520;11.839,14;747,14;1,4762;15,85;102.498.551,80
ABOBRINHA ;1.174;11.796,39;741,03;0,9424;15,92;32.397.170,00
BERINJELA ;1.135;18.688,64;693,42;1,0476;26,95;17.477.369,50
PEPINO ;1.027;30.366,87;681,93;0,6571;44,53;11.117.473,30
BATATA DOCE ;786;8.524,28;678,6;1,1884;12,56;19.578.651,80
REPOLHO ;1.102;29.384,94;676,07;0,7715;43,46;19.953.215,40
VAGEM ;1.152;11.530,50;642,2;1,6524;17,95;10.130.646,20
INHAME ;678;11.322,92;626,2;1,5649;18,08;22.671.102,30
CAQUI ;319;13.975,10;588,6;1,4937;23,74;19.052.888,40
PALMITO ;301;2.118,45;508,9;15,9722;4,16;17.718.839,00
CEBOLINHA ;578;7.951,97;504,85;2,5347;15,75;20.874.800,00
MARACUJÁ ;493;4.832,04;425,31;2,245;11,36;33.836.210,00
CANA CALDO ;239;11.332,45;355,18;0,7733;31,91;20.156.123,80
FEIJÃO MAUÁ ;400;1.576,47;352,25;2,1;4,48;10.847.725,40
SALSA ;502;8.114,60;261,86;2,3916;30,99;8.763.290,00
ESPINAFRE ;366;8.638,00;250,79;1,273;34,44;3.310.599,50
TANGERINA ;79;5.772,79;243,3;1,3414;23,73;19.406.509,00
CHICÓRIA ;546;6.914,53;240,47;1,0472;28,75;10.996.346,50
ARROZ ;41;618,6;235,4;1,663;2,63;7.743.404,00
CANA CACHAÇA ;50;12.242,30;211,57;0,378;57,86;7.241.201,30
COENTRO ;540;3.540,94;210,92;4,5474;16,79;1.028.759,00
AGRIÃO ;244;4.610,68;210,84;2,2693;21,87;4.627.304,80
ERVILHA ;365;1.613,46;180;5,6046;8,96;16.102.155,80
MAXIXE ;437;1.431,47;160,1;1,3212;8,94;10.463.039,00
MANGA ;193;2.642,62;137,46;1,0559;19,22;9.042.760,00
BETERRABA ;190;2.326,44;109,76;1,1977;21,2;1.891.285,70
CENOURA ;234;2.259,42;94,23;1,2839;23,98;2.790.384,00
ALFACE - CULT. PROTG ;156;4.952,95;91,24;1,4661;54,28;2.786.439,50
PIMENTA ;60;210,33;64,81;6,747;3,25;2.900.968,00
BERTALHA ;52;1.246,00;50,45;2,2191;24,7;7.261.310,00
LOURO ;36;172,97;44,06;4,9254;3,93;1.419.087,00
RÚCULA - CULT. PROTG ;51;1.497,03;36,71;4,5104;40,78;2.764.940,00
MORANGO ;53;954,84;35,94;11,1742;26,57;851.938,10
RÚCULA ;84;367,27;34,28;3,3937;10,71;6.752.225,00
ABACATE ;66;196,79;28,58;1,3472;6,89;10.669.530,00
FEIJÃO GUANDU ;44;37;25,7;13,1622;1,44;1.246.419,50
ALHO PORRÓ ;88;646,7;25;2,2871;25,87;265.114,40
BATATA ;44;441,7;22,2;1,1975;19,9;487.000,00
UVA ;13;122,66;18,45;6,9447;6,65;1.479.056,00
CARÁ ;11;208;13;1,8192;16;528.957,00
TOMATE CEREJA ;74;1.143,05;12,28;3,9173;93,08;851.837,80
VAGEM FRANCESA ;40;395,9;11,7;6,1388;33,84;378.400,00
URUCUM ;2;15;10;1;1,5;4.477.624,50
NABO ;18;225,3;9,1;2,2574;24,76;2.430.360,00
ACEROLA ;6;27,45;6;2,6975;4,58;15.000,00
LIXIA ;4;15,6;4,6;10;3,39;508.600,00
TOMATE - CULT.PROTG ;36;87,86;3,75;5,139;23,43;74.047,50
GRAVIOLA ;3;33;3;6,7273;11;156.000,00
PINHA ;1;3;2;8,1333;1,5;451.510,00
CAJU ;1;4,7;0,6;1,9064;7,83;222.000,00
MELANCIA ;6;8,6;0,4;0,7733;21,5;24.400,00
FIGO ;1;3,9;0,35;7,9077;11,14;8.960,00
PESSEGO ;1;3;0,3;5,12;10;6.650,00
ESTADO;53.492;3.987.005,54;139.060,52;0,5315;28,67;30.840,00
FONTE: Acompanhamento Sistemático da Produção Agrícola-ASPA,Estado do Rio de Janeiro,2019-SISTEMA AGROGEO;;;;;;15.360,00
Empresade Assistência Técnica e Extensão Rural do Estado do Rio de Janeiro-EMATER-RIO/CPLAN/NIDOC;;;;;;2.119.056.239,10
;;;;;;
ORDEM Decrescente de Faturamento;;;;;;
CULTURAS;Nº  PRODUTORES;PRODUÇÃO COLHIDA (t);ÁREA COLHIDA (ha);PREÇO   (R$/KG);PRODUTIVIDADE    (t/ha);
TOMATE ;2.929;144.752,65;2.202,18;1,9484;65,73;
CANA DE AÇUCAR ;2.259;2.420.401,48;52.632,72;0,0681;45,99;FATURAMENTO BRUTO(R$)
ALFACE ;2.416;112.124,70;4.522,46;1,2782;24,79;282.037.043,40
ABACAXI ;760;116.046,50;4.612,05;1,2166;25,16;164.890.773,60
AIPIM ;4.285;138.009,61;10.290,99;1,0128;13,41;143.313.235,40
COUVE ;1.188;37.484,69;763,93;2,7344;49,07;141.178.440,00
LARANJA ;889;71.767,46;5.303,10;1,3731;13,53;139.777.477,00
CAFÉ ;2.550;13.848,85;12.671,50;5,4743;1,09;102.498.551,80
BANANA PRATA ;1.633;44.995,33;5.835,11;1,5072;7,71;98.544.347,00
CHUCHU ;1.392;97.877,11;1.408,87;0,5445;69,47;75.809.403,00
BROCOLOS ;1.381;25.767,54;1.298,52;1,9823;19,84;67.817.096,70
COUVE FLOR ;1.663;32.557,36;1.088,53;1,4426;29,91;53.297.088,50
QUIABO ;2.168;19.677,05;1.678,78;2,1666;11,72;51.079.772,10
LIMÃO ;445;24.024,30;1.223,98;1,7498;19,63;46.966.950,60
COCO VERDE ;668;41.176,76;2.214,71;0,9133;18,59;42.632.533,40
BANANA NANICA ;1.044;27.166,48;2.329,85;1,3163;11,66;42.038.017,90
JILÓ ;1.756;24.041,73;1.164,22;1,4644;20,65;37.604.805,30
PIMENTÃO ;1.737;24.278,90;1.101,79;1,4071;22,04;35.758.491,60
PALMITO ;301;2.118,45;508,9;15,9722;4,16;35.206.340,10
GOIABA ;380;21.401,64;761,79;1,5138;28,09;34.163.750,20
TANGERINA PONCÃ ;624;27.719,38;1.347,15;1,0643;20,58;33.836.210,00
BANANA ;1.035;14.480,30;2.143,67;1,8856;6,75;32.397.170,00
REPOLHO ;1.102;29.384,94;676,07;0,7715;43,46;29.502.358,00
CAQUI ;319;13.975,10;588,6;1,4937;23,74;27.304.348,80
CEBOLINHA ;578;7.951,97;504,85;2,5347;15,75;22.671.102,30
PEPINO ;1.027;30.366,87;681,93;0,6571;44,53;20.874.800,00
BERINJELA ;1.135;18.688,64;693,42;1,0476;26,95;20.156.123,80
SALSA ;502;8.114,60;261,86;2,3916;30,99;19.953.215,40
VAGEM ;1.152;11.530,50;642,2;1,6524;17,95;19.578.651,80
INHAME ;678;11.322,92;626,2;1,5649;18,08;19.406.509,00
ABOBORA ;520;11.839,14;747,14;1,4762;15,85;19.052.888,40
COENTRO ;540;3.540,94;210,92;4,5474;16,79;17.718.839,00
MILHO VERDE ;845;16.072,32;1.640,14;0,9394;9,8;17.477.369,50
CANA FORRAGEIRA ;2.029;117.955,26;2.041,44;0,1189;57,78;16.102.155,80
ABOBRINHA ;1.174;11.796,39;741,03;0,9424;15,92;15.098.990,10
ESPINAFRE ;366;8.638,00;250,79;1,273;34,44;14.025.687,80
MARACUJÁ ;493;4.832,04;425,31;2,245;11,36;11.117.473,30
MORANGO ;53;954,84;35,94;11,1742;26,57;10.996.346,50
AGRIÃO ;244;4.610,68;210,84;2,2693;21,87;10.847.725,40
MILHO FORRAGEIRO ;314;40.193,92;1.079,94;0,2546;37,22;10.669.530,00
BATATA DOCE ;786;8.524,28;678,6;1,1884;12,56;10.463.039,00
MANDIOCA ;652;75.789,92;3.931,85;0,1308;19,28;10.234.282,00
ERVILHA ;365;1.613,46;180;5,6046;8,96;10.130.646,20
CANA CALDO ;239;11.332,45;355,18;0,7733;31,91;9.916.613,50
TANGERINA ;79;5.772,79;243,3;1,3414;23,73;9.042.760,00
ALFACE - CULT. PROTG ;156;4.952,95;91,24;1,4661;54,28;8.763.290,00
CHICÓRIA ;546;6.914,53;240,47;1,0472;28,75;7.743.404,00
RÚCULA - CULT. PROTG ;51;1.497,03;36,71;4,5104;40,78;7.261.310,00
MILHO ;757;7.156,52;1.395,52;0,8074;5,13;7.241.201,30
CANA CACHAÇA ;50;12.242,30;211,57;0,378;57,86;6.752.225,00
TOMATE CEREJA ;74;1.143,05;12,28;3,9173;93,08;5.778.273,50
FEIJÃO ;1.051;1.251,17;1.052,85;3,435;1,19;4.627.304,80
FEIJÃO MAUÁ ;400;1.576,47;352,25;2,1;4,48;4.477.624,50
CENOURA ;234;2.259,42;94,23;1,2839;23,98;4.297.739,80
MANGA ;193;2.642,62;137,46;1,0559;19,22;3.310.599,50
BETERRABA ;190;2.326,44;109,76;1,1977;21,2;2.900.968,00
BERTALHA ;52;1.246,00;50,45;2,2191;24,7;2.790.384,00
VAGEM FRANCESA ;40;395,9;11,7;6,1388;33,84;2.786.439,50
MAXIXE ;437;1.431,47;160,1;1,3212;8,94;2.764.940,00
ALHO PORRÓ ;88;646,7;25;2,2871;25,87;2.430.360,00
PIMENTA ;60;210,33;64,81;6,747;3,25;1.891.285,70
RÚCULA ;84;367,27;34,28;3,3937;10,71;1.479.056,00
ARROZ ;41;618,6;235,4;1,663;2,63;1.419.087,00
LOURO ;36;172,97;44,06;4,9254;3,93;1.246.419,50
UVA ;13;122,66;18,45;6,9447;6,65;1.028.759,00
BATATA ;44;441,7;22,2;1,1975;19,9;851.938,10
NABO ;18;225,3;9,1;2,2574;24,76;851.837,80
FEIJÃO GUANDU ;44;37;25,7;13,1622;1,44;528.957,00
TOMATE - CULT.PROTG ;36;87,86;3,75;5,139;23,43;508.600,00
CARÁ ;11;208;13;1,8192;16;487.000,00
ABACATE ;66;196,79;28,58;1,3472;6,89;451.510,00
GRAVIOLA ;3;33;3;6,7273;11;378.400,00
LIXIA ;4;15,6;4,6;10;3,39;265.114,40
ACEROLA ;6;27,45;6;2,6975;4,58;222.000,00
FIGO ;1;3,9;0,35;7,9077;11,14;156.000,00
PINHA ;1;3;2;8,1333;1,5;74.047,50
PESSEGO ;1;3;0,3;5,12;10;30.840,00
URUCUM ;2;15;10;1;1,5;24.400,00
CAJU ;1;4,7;0,6;1,9064;7,83;15.360,00
MELANCIA ;6;8,6;0,4;0,7733;21,5;15.000,00
ESTADO;53.492;3.987.005,54;139.060,52;0,5315;28,67;8.960,00
;;;;;;
;;;;;;
