MUNICIPIOS/CULTURAS;Nº  PRODUTORES ;PRODUÇÃO COLHIDA  (t);ÁREA COLHIDA  (ha)  ;PREÇO (R$/KG);PRODUTIVIDADE (t/ha);FATURAMENTO BRUTO (R$)
REGIÃO : CENTRO;;;;;;
MUNICIPIO : Araruama;;;;;;
ABOBORA ;24;342;22,5;1,0395;15,2;355.500,00
ACEROLA ;5;22,65;3,5;1,15;6,47;26.047,50
AIPIM ;82;1.411,50;102,5;1,2887;13,77;1.819.000,00
CANA DE AÇUCAR ;1;224.090,00;3.730,00;0,07;60,08;15.686.300,00
COCO VERDE ;18;2.193,00;80;1,7277;27,41;3.788.850,00
FEIJÃO ;29;11,05;12,3;3,9896;0,9;44.085,00
FEIJÃO MAUÁ ;35;26,45;8,15;4,0614;3,25;107.425,00
LARANJA ;155;25.012,50;1.871,00;1,4648;13,37;36.638.075,00
LIMÃO ;45;6.401,00;300;1,4346;21,34;9.182.800,00
MARACUJÁ ;3;29,5;6;4,0349;4,92;119.030,00
MILHO ;6;7,4;4;0,7338;1,85;5.430,00
QUIABO ;40;160,1;18,2;3,3232;8,8;532.050,00
TANGERINA ;12;177;11,3;1,4395;15,66;254.800,00
TANGERINA PONCÃ ;24;2.769,00;131;1,4409;21,14;3.989.900,00
TOTAL Araruama ;479;262.653,15;6.300,45;0,2762;41,69;72.549.292,50
MUNICIPIO : Armação dos Búzios;;;;;;
ABOBORA ;12;29,2;2,6;1,8074;11,23;52.775,00
AIPIM ;17;24,5;2,67;1,7531;9,18;42.950,00
ALFACE ;6;6,9;0,67;1,8362;10,3;12.670,00
BANANA PRATA ;4;36,3;3;2,8711;12,1;104.220,00
COCO VERDE ;2;16,5;1;2,9509;16,5;48.690,00
COENTRO ;6;4,9;1,5;2,399;3,27;11.755,00
LIMÃO ;3;35,2;2;2,8469;17,6;100.210,00
QUIABO ;15;22,2;1,9;2,9167;11,68;64.750,00
RÚCULA ;11;12,81;2,57;3,2011;4,98;41.006,00
TOTAL Armação dos Búzios ;76;188,51;17,91;2,5411;10,53;479.026,00
MUNICIPIO : Cabo Frio;;;;;;
ABOBORA ;17;77;7,6;1,8857;10,13;145.200,00
AIPIM ;28;134;12,7;1,7799;10,55;238.500,00
ALFACE ;1;19,2;11,8;3;1,63;57.600,00
BANANA PRATA ;7;88;9;2,777;9,78;244.375,00
CANA CALDO ;6;206;5,2;0,3766;39,62;77.570,00
CANA DE AÇUCAR ;1;116.000,00;2.937,00;0,0633;39,5;7.345.000,00
CANA FORRAGEIRA ;5;1.445,00;19;0,2213;76,05;319.750,00
COCO VERDE ;5;129;9;2,8589;14,33;368.800,00
FEIJÃO ;7;5,8;6,8;7,0276;0,85;40.760,00
GOIABA ;5;55,6;3,6;1,7373;15,44;96.595,00
LARANJA ;8;52;7;2,575;7,43;133.900,00
LIMÃO ;8;86,5;5;2,702;17,3;233.725,00
QUIABO ;16;42;4,2;2,9643;10;124.500,00
TOTAL Cabo Frio ;114;118.340,10;3.037,90;0,0797;38,95;9.426.275,00
MUNICIPIO : Cachoeiras de Macacu;;;;;;
ABACAXI ;2;22,5;0,8;0,8;28,13;18.000,00
ABOBORA ;40;196;20,3;1,4393;9,66;282.100,00
ABOBRINHA ;50;309;33,2;1,1932;9,31;368.700,00
ACEROLA ;1;4,8;2,5;10;1,92;48.000,00
AIPIM ;361;11.970,00;958;0,7698;12,49;9.214.500,00
BANANA NANICA ;30;236;23,7;0,914;9,96;215.700,00
BANANA PRATA ;70;1.574,00;147;1,0175;10,71;1.601.600,00
BATATA DOCE ;90;1.338,00;116,5;0,9007;11,48;1.205.200,00
BERINJELA ;53;1.114,00;54,9;1,2571;20,29;1.400.400,00
COCO VERDE ;13;619;88;1,4661;7,03;907.500,00
FEIJÃO ;22;25,5;12,2;2,1275;2,09;54.250,00
FEIJÃO MAUÁ ;191;775,5;163;1,7247;4,76;1.337.500,00
GOIABA ;150;16.630,00;527;1,3446;31,56;22.360.000,00
INHAME ;55;566;49,5;1,6106;11,43;911.600,00
JILÓ ;105;2.190,00;95;1,4022;23,05;3.070.850,00
LARANJA ;7;374;24,5;1,7557;15,27;656.650,00
LIMÃO ;70;954;48;1,4287;19,88;1.363.000,00
LIXIA ;3;3,6;0,6;10;6;36.000,00
MARACUJÁ ;50;659;56;1,9557;11,77;1.288.800,00
MAXIXE ;27;139;16,4;1,761;8,48;244.780,00
MILHO VERDE ;234;6.430,00;632;0,6444;10,17;4.143.250,00
PALMITO ;15;69;55,5;5,1522;1,24;355.500,00
PEPINO ;12;119;10;1,2328;11,9;146.700,00
PIMENTA ;42;120,5;28,5;7,9191;4,23;954.250,00
PIMENTÃO ;74;1.216,00;54,2;1,1577;22,44;1.407.800,00
QUIABO ;103;555,5;119,2;1,647;4,66;914.900,00
TANGERINA ;12;78;7;1,859;11,14;145.000,00
VAGEM ;11;110;9;1,5345;12,22;168.800,00
TOTAL Cachoeiras de Macacu ;1.893;48.397,90;3.352,50;1,1327;14,44;54.821.330,00
MUNICIPIO : Casimiro de Abreu;;;;;;
ABOBORA ;11;195;17;2,1154;11,47;412.500,00
AIPIM ;101;2.273,00;124;1,0832;18,33;2.462.100,00
BANANA ;112;1.690,00;180;1,2379;9,39;2.092.000,00
BATATA DOCE ;4;8,54;0,7;1,9157;12,2;16.360,00
FEIJÃO ;25;32,4;33;5,1235;0,98;166.000,00
INHAME ;47;958;59;1,9965;16,24;1.912.600,00
LARANJA ;19;201,5;26;1,6846;7,75;339.450,00
MILHO VERDE ;11;56;19;3;2,95;168.000,00
TOTAL Casimiro de Abreu ;330;5.414,44;458,7;1,3979;11,8;7.569.010,00
MUNICIPIO : Duque de Caxias;;;;;;
ABOBRINHA ;2;298;20,5;2,0658;14,54;615.600,00
AIPIM ;20;4.990,00;299;2,0505;16,69;10.232.000,00
ALFACE ;2;1,65;0,12;1,567;13,75;2.585,50
BANANA NANICA ;15;311;51;2,5828;6,1;803.250,00
BANANA PRATA ;20;639;90,5;3,3375;7,06;2.132.650,00
BATATA DOCE ;8;613;56;2,5715;10,95;1.576.300,00
BERINJELA ;4;51,9;3,45;2,0591;15,04;106.865,00
CAFÉ ;3;8,15;4,5;6;1,81;48.900,00
CANA CALDO ;10;1.568,00;51,2;1,5361;30,63;2.408.650,00
CANA FORRAGEIRA ;5;2.040,00;60,5;0,151;33,72;308.000,00
CENOURA ;2;15,7;0,83;2,0779;18,92;32.622,50
CHUCHU ;1;14,3;1,1;1,2958;13;18.530,00
COCO VERDE ;4;107,9;8,95;2,0667;12,06;223.000,00
COUVE ;3;7,9;0,31;1,3696;25,48;10.820,00
FEIJÃO MAUÁ ;2;2,27;0,75;2,6154;3,03;5.937,00
GOIABA ;9;402;24,4;2,4649;16,48;990.900,00
INHAME ;4;487;48;2,5795;10,15;1.256.200,00
JILÓ ;3;77,9;5,12;2,1253;15,21;165.560,00
LIMÃO ;3;39,4;3,7;2,6431;10,65;104.140,00
MARACUJÁ ;4;27,7;13,8;2,9592;2,01;81.970,00
PEPINO ;4;27;1,93;2,0211;13,99;54.570,00
PIMENTÃO ;2;0,99;0,12;2,4465;8,25;2.422,00
QUIABO ;7;379;36;2,5557;10,53;968.600,00
VAGEM ;2;50,7;5,75;2,4843;8,82;125.955,00
TOTAL Duque de Caxias ;139;12.160,46;787,53;1,8318;15,44;22.276.027,00
MUNICIPIO : Guapimirim;;;;;;
ABOBORA ;4;36;2,8;1,8611;12,86;67.000,00
AIPIM ;63;3.524,00;281;1,404;12,54;4.947.750,00
BANANA ;40;1.196,00;167;1,5568;7,16;1.861.900,00
BATATA DOCE ;5;196;20,2;1,4857;9,7;291.200,00
COCO VERDE ;5;202;28,8;1,198;7,01;242.000,00
GOIABA ;9;563;42,1;2,0214;13,37;1.138.050,00
INHAME ;5;149,5;12,1;2,096;12,36;313.350,00
MARACUJÁ ;6;178;40,3;1,7486;4,42;311.250,00
MILHO VERDE ;58;3.630,00;303;0,5438;11,98;1.973.900,00
PALMITO ;12;33,6;19,3;8,8006;1,74;295.700,00
QUIABO ;8;92,1;15,3;1,7245;6,02;158.830,00
TOTAL Guapimirim ;215;9.800,20;931,9;1,1837;10,52;11.600.930,00
MUNICIPIO : Iguaba Grande;;;;;;
ABOBORA ;15;37,6;10,6;1,2074;3,55;45.400,00
AIPIM ;21;238;23,2;1,2118;10,26;288.400,00
BANANA PRATA ;3;20,1;2;3,3159;10,05;66.650,00
BATATA DOCE ;8;33,6;7,55;3,214;4,45;107.990,00
LARANJA ;6;31,3;3,2;1,9687;9,78;61.620,00
LIMÃO ;6;40,6;3;3,5761;13,53;145.190,00
MAXIXE ;5;2,4;2,2;1,5583;1,09;3.740,00
QUIABO ;10;72,2;7,75;3,3161;9,32;239.420,00
TOTAL Iguaba Grande ;74;475,8;59,5;2,0143;8;958.410,00
MUNICIPIO : Itaboraí;;;;;;
ABOBORA ;3;107,8;5,5;1,3377;19,6;144.200,00
AIPIM ;42;329,9;28,1;0,9324;11,74;307.585,00
BANANA ;14;302,26;27,9;0,9883;10,83;298.710,00
COCO VERDE ;8;41,31;3,86;1,0387;10,7;42.909,00
LARANJA ;60;3.208,90;269,5;1,3191;11,91;4.232.830,00
LIMÃO ;9;128,18;7,6;1,2567;16,87;161.085,00
MANGA ;10;156;7,2;0,8;21,67;124.800,00
QUIABO ;31;75,45;6,75;1,7009;11,18;128.331,00
TANGERINA PONCÃ ;24;301,15;15,45;1,2908;19,49;388.715,00
TOTAL Itaboraí ;201;4.650,95;371,86;1,2533;12,51;5.829.165,00
MUNICIPIO : Itaguaí;;;;;;
AIPIM ;12;460;35;1,5307;13,14;704.100,00
BANANA ;80;1.840,00;320;1,481;5,75;2.725.000,00
CANA CALDO ;15;365;30;1,5;12,17;547.500,00
COCO VERDE ;30;2.550,00;110;1,0257;23,18;2.615.500,00
GOIABA ;5;241;22;2,8631;10,95;690.000,00
QUIABO ;5;474;26;2,0633;18,23;978.000,00
TOTAL Itaguaí ;147;5.930,00;543;1,3929;10,92;8.260.100,00
MUNICIPIO : Japeri;;;;;;
AIPIM ;253;4.614,00;355,1;1,71;12,99;7.889.870,00
BANANA NANICA ;65;583;57;0,7786;10,23;453.900,00
BANANA PRATA ;99;850;69;0,867;12,32;736.940,00
COCO VERDE ;38;764;45;0,9641;16,98;736.600,00
GOIABA ;1;68;2;2,4118;34;164.000,00
JILÓ ;37;203;24;1,634;8,46;331.700,00
LARANJA ;30;82;18;1,9354;4,56;158.700,00
LIMÃO ;11;22,5;7;2,1;3,21;47.250,00
MILHO VERDE ;46;270;32,8;0,6624;8,23;178.860,00
PIMENTÃO ;2;2,5;0,7;0,92;3,57;2.300,00
QUIABO ;251;757;87,1;2,2057;8,69;1.669.700,00
TOTAL Japeri ;833;8.216,00;697,7;1,5056;11,78;12.369.820,00
MUNICIPIO : Magé;;;;;;
ABOBRINHA ;12;94,5;10,5;1,5095;9;142.650,00
AIPIM ;154;4.494,00;284;1,769;15,82;7.949.850,00
BANANA ;24;436;61;1,9388;7,15;845.300,00
BATATA DOCE ;54;966;80,5;1,5957;12;1.541.400,00
BERINJELA ;15;207,5;11,5;1,6967;18,04;352.075,00
CARÁ ;11;208;13;1,8192;16;378.400,00
COCO VERDE ;11;115;11,5;1,9035;10;218.900,00
FEIJÃO ;8;7,2;7;6;1,03;43.200,00
FEIJÃO MAUÁ ;74;335,75;76,5;3,1697;4,39;1.064.237,50
GOIABA ;21;624;26;2,4837;24;1.549.800,00
INHAME ;22;415;23,5;2,1951;17,66;910.950,00
JILÓ ;18;216,45;15,75;2,1753;13,74;470.835,00
MAXIXE ;15;15,25;4,3;2,941;3,55;44.850,00
MILHO VERDE ;163;2.993,00;326;1,6719;9,18;5.004.100,00
PALMITO ;22;89,1;28,5;13,0017;3,13;1.158.450,00
PIMENTÃO ;13;205;10,25;2,1512;20;441.000,00
QUIABO ;102;1.007,90;102;2,6063;9,88;2.626.920,00
VAGEM ;8;51;4,25;2,7647;12;141.000,00
TOTAL Magé ;747;12.480,65;1.096,05;1,9938;11,39;24.883.917,50
MUNICIPIO : Mangaratiba;;;;;;
AIPIM ;44;349;33;1,5521;10,58;541.700,00
BANANA PRATA ;240;20.204,00;2.830,00;1,5112;7,14;30.532.000,00
CANA CALDO ;20;375;11;1,1533;34,09;432.500,00
CAQUI ;28;312;28;2,0353;11,14;635.000,00
COCO VERDE ;14;193;11;1,7777;17,55;343.100,00
LIMÃO ;12;224;12;2,1107;18,67;472.800,00
MILHO VERDE ;9;35;8;1,0857;4,38;38.000,00
PALMITO ;20;50;25;15,96;2;798.000,00
TOTAL Mangaratiba ;387;21.742,00;2.958,00;1,5543;7,35;33.793.100,00
MUNICIPIO : Maricá;;;;;;
AIPIM ;20;44,93;3,75;0,7766;11,98;34.894,00
BANANA ;9;114,5;10,5;0,8886;10,9;101.750,00
BANANA PRATA ;30;136,12;19,5;0,8589;6,98;116.918,00
COCO VERDE ;7;31,22;21,1;0,7945;1,48;24.805,50
LIMÃO ;2;83,02;4,61;0,8108;18,01;67.310,00
TOTAL Maricá ;68;409,79;59,46;0,8435;6,89;345.677,50
MUNICIPIO : Niterói;;;;;;
AIPIM ;7;57,4;4;1,5844;14,35;90.944,00
BANANA NANICA ;3;33;3;1,95;11;64.350,00
BANANA PRATA ;2;16;2;2,5835;8;41.336,00
CANA CALDO ;5;168;4,2;1,1126;40;186.920,00
LARANJA ;4;33;3;1,8923;11;62.447,00
TOTAL Niterói ;21;307,4;16,2;1,4509;18,98;445.997,00
MUNICIPIO : Nova Iguaçu;;;;;;
AIPIM ;256;2.319,00;184;1,6558;12,6;3.839.840,00
BANANA NANICA ;135;777;115;0,757;6,76;588.170,00
BANANA PRATA ;96;499;78;0,8718;6,4;435.010,00
BERINJELA ;15;78;8,95;0,889;8,72;69.340,00
COCO VERDE ;19;320;24;0,9407;13,33;301.020,00
GOIABA ;4;198;6;2,5;33;495.000,00
JILÓ ;54;180;20,8;1,4264;8,65;256.750,00
MILHO VERDE ;33;136;20,4;0,604;6,67;82.150,00
PIMENTÃO ;20;135;17;1,3655;7,94;184.340,00
QUIABO ;231;731;84,8;2,1605;8,62;1.579.300,00
TOTAL Nova Iguaçu ;863;5.373,00;558,95;1,4575;9,61;7.830.920,00
MUNICIPIO : Paracambi;;;;;;
AIPIM ;20;106,5;10;2,0798;10,65;221.500,00
BANANA ;60;436,5;65;2,1993;6,72;960.000,00
COCO VERDE ;3;6;4;2;1,5;12.000,00
MARACUJÁ ;2;0,4;1;5;0,4;2.000,00
QUIABO ;34;569,2;38,5;2,9455;14,78;1.676.600,00
TOTAL Paracambi ;119;1.118,60;118,5;2,5676;9,44;2.872.100,00
MUNICIPIO : Queimados;;;;;;
AIPIM ;104;1.268,00;90,6;1,5204;14;1.927.920,00
ALFACE ;3;10,99;0,73;1,0229;15,05;11.242,20
BANANA NANICA ;22;102,5;6,02;0,9268;17,03;95.000,00
BANANA PRATA ;22;113,75;8,72;0,9217;13,04;104.839,50
BATATA DOCE ;4;17,57;1,34;1,6106;13,11;28.298,20
BERINJELA ;1;5,15;0,43;1,6265;11,98;8.376,60
CANA CALDO ;6;292;7,32;0,3326;39,89;97.110,00
CEBOLINHA ;2;2,63;0,22;1,0049;11,95;2.642,80
COENTRO ;2;2,24;0,17;1,0271;13,18;2.300,80
COUVE ;4;9,41;0,9;1,0185;10,46;9.583,80
JILÓ ;2;24,6;1,35;1,4939;18,22;36.750,00
LIMÃO ;6;8,63;0,87;2,8136;9,92;24.281,50
MANGA ;13;31;2,6;1,9961;11,92;61.880,00
MILHO VERDE ;4;9,95;0,76;0,9975;13,09;9.925,00
QUIABO ;15;91;11,09;2,6225;8,21;238.650,00
SALSA ;3;2,14;0,21;1,2664;10,19;2.710,00
TOTAL Queimados ;213;1.991,56;133,33;1,3364;14,94;2.661.510,40
MUNICIPIO : Rio Bonito;;;;;;
ABOBORA ;13;160,5;13;1,5561;12,35;249.750,00
AIPIM ;149;4.452,00;310;0,8698;14,36;3.872.400,00
BANANA NANICA ;70;1.785,00;124;0,8479;14,4;1.513.500,00
BANANA PRATA ;52;1.032,00;86;1,0233;12;1.056.000,00
COCO VERDE ;51;3.710,00;165;1,1434;22,48;4.242.000,00
FEIJÃO ;9;7;7;1,7143;1;12.000,00
JILÓ ;12;84;12;2;7;168.000,00
LARANJA ;140;16.760,00;1.200,00;1,3126;13,97;21.999.500,00
LIMÃO ;95;11.200,00;560;1,9857;20;22.240.000,00
MARACUJÁ ;6;135;5;1,8889;27;255.000,00
MILHO VERDE ;6;30;5;1,28;6;38.400,00
PIMENTA ;2;12;2;3;6;36.000,00
QUIABO ;12;88;9;2,3125;9,78;203.500,00
TANGERINA ;38;4.350,00;174;1,2822;25;5.577.500,00
TANGERINA PONCÃ ;23;1.875,00;75;1,252;25;2.347.500,00
TOTAL Rio Bonito ;678;45.680,50;2.747,00;1,3969;16,63;63.811.050,00
MUNICIPIO : Rio de Janeiro;;;;;;
ABACATE ;28;122,19;16,18;1,1493;7,55;140.429,40
ABOBRINHA ;39;969,5;69,25;1,1762;14;1.140.300,00
AGRIÃO ;31;403,21;12;1,5126;33,6;609.899,00
AIPIM ;148;18.600,00;1.315,00;1,0559;14,14;19.639.000,00
ALFACE ;35;608;34,6;1,0109;17,57;614.640,00
BANANA NANICA ;45;629,73;54,6;0,877;11,53;552.282,00
BANANA PRATA ;103;3.257,60;417,72;1,1421;7,8;3.720.652,00
BATATA DOCE ;29;172;14,4;0,6676;11,94;114.820,00
BERINJELA ;22;660;44,05;0,9079;14,98;599.200,00
CAQUI ;59;655;40;1,4977;16,38;981.000,00
CEBOLINHA ;47;617,44;26,32;1,6417;23,46;1.013.681,00
CHICÓRIA ;31;565,99;16,73;1,0034;33,83;567.901,80
CHUCHU ;58;9.500,00;197;0,5762;48,22;5.474.000,00
COCO VERDE ;56;5.030,00;324;0,9474;15,52;4.765.600,00
COUVE ;65;1.413,00;51,9;2,1187;27,23;2.993.700,00
JILÓ ;36;478,8;34,29;1,1339;13,96;542.916,00
MARACUJÁ ;36;320,9;27,54;1,9356;11,65;621.150,00
QUIABO ;86;1.437,00;110;1,3308;13,06;1.912.300,00
SALSA ;44;891,6;27,39;1,7623;32,55;1.571.295,00
VAGEM ;44;412,92;22,5;2,1239;18,35;876.996,00
TOTAL Rio de Janeiro ;1.042;46.744,88;2.855,47;1,0365;16,37;48.451.762,20
MUNICIPIO : São Gonçalo;;;;;;
AIPIM ;52;755,4;49;1,5201;15,42;1.148.312,00
ALFACE ;8;78;6;1,8483;13;144.170,00
ALFACE - CULT. PROTG ;1;43,2;4,32;2,175;10;93.960,00
BANANA NANICA ;15;88;8;1,9195;11;168.916,00
BANANA PRATA ;10;48;6;2,4345;8;116.856,00
CANA CALDO ;28;2.520,00;56;0,9864;45;2.485.800,00
CAQUI ;11;51;7,5;2,4904;6,8;127.010,00
COCO VERDE ;12;352,5;23,5;1,6119;15;568.200,00
LARANJA ;55;360;30;1,8296;12;658.650,00
LIMÃO ;22;243,02;18;2,302;13,5;559.428,90
MANGA ;35;880;40;1,5531;22;1.366.750,00
MILHO VERDE ;32;130,01;20;1,3694;6,5;178.035,10
QUIABO ;41;208;26;2,5242;8;525.040,00
TANGERINA PONCÃ ;18;32,45;6,5;1,4344;4,99;46.547,00
TOTAL São Gonçalo ;340;5.789,58;300,82;1,4142;19,25;8.187.675,00
MUNICIPIO : São Pedro da Aldeia;;;;;;
ABACAXI ;2;49;2,25;1,9347;21,78;94.800,00
ABOBORA ;28;262;29,9;1,1053;8,76;289.600,00
AIPIM ;49;708;68,4;1,2386;10,35;876.900,00
BANANA PRATA ;15;150,6;15;3,2967;10,04;496.480,00
BATATA DOCE ;9;64,9;12;3,0285;5,41;196.550,00
CAJU ;1;4,7;0,6;1,9064;7,83;8.960,00
CANA DE AÇUCAR ;1;55.030,56;705,52;0,07;78;3.852.139,20
COCO VERDE ;3;239;7;1,118;34,14;267.200,00
ESPINAFRE ;1;1,5;0,5;8,3;3;12.450,00
LARANJA ;10;49;7;2,0929;7;102.550,00
LIMÃO ;10;105,6;6;2,7282;17,6;288.100,00
MARACUJÁ ;1;1,8;0,5;2;3,6;3.600,00
MAXIXE ;11;11;8,1;1,8909;1,36;20.800,00
QUIABO ;24;199;20,9;3,0754;9,52;612.000,00
TANGERINA PONCÃ ;10;70;6;2,0271;11,67;141.900,00
TOTAL São Pedro da Aldeia ;175;56.946,66;889,67;0,1276;64,01;7.264.029,20
MUNICIPIO : Saquarema;;;;;;
AIPIM ;58;604;57;1,4272;10,6;862.000,00
BANANA PRATA ;210;2.660,00;502;1,1664;5,3;3.102.500,00
COCO VERDE ;30;1.649,00;111;1,4018;14,86;2.311.500,00
LARANJA ;10;333;39,5;1,3036;8,43;434.100,00
LIMÃO ;39;496;42;1,7833;11,81;884.500,00
PALMITO ;4;18,9;4;26,5873;4,73;502.500,00
TOTAL Saquarema ;351;5.760,90;755,5;1,4055;7,63;8.097.100,00
MUNICIPIO : Seropédica;;;;;;
AIPIM ;90;1.542,00;109;1,585;14,15;2.444.080,00
ALFACE ;27;365;14;2,866;26,07;1.046.100,00
BANANA ;129;2.997,00;727;0,9914;4,12;2.971.150,00
BERINJELA ;4;61,8;3,35;1,9492;18,45;120.460,00
BERTALHA ;42;821;29,2;2,1478;28,12;1.763.340,00
CANA CALDO ;28;2.271,00;102;0,6143;22,26;1.395.100,00
CEBOLINHA ;27;465;16,4;3,051;28,35;1.418.700,00
COCO VERDE ;38;1.422,00;110;1,0442;12,93;1.484.900,00
COUVE ;36;569;19;3,6531;29,95;2.078.600,00
GOIABA ;2;76,3;4,8;1,5976;15,9;121.900,00
MANGA ;9;171;8;0,8327;21,38;142.400,00
MARACUJÁ ;4;82,3;5,8;2,4149;14,19;198.750,00
MAXIXE ;6;12,3;2,1;0,5374;5,86;6.610,00
PIMENTÃO ;4;43;2;1,7744;21,5;76.300,00
QUIABO ;48;1.776,00;129,5;3,2215;13,71;5.721.300,00
REPOLHO ;2;54;1;0,8889;54;48.000,00
SALSA ;31;508;19,4;3,2224;26,19;1.637.000,00
TOTAL Seropédica ;527;13.236,70;1.302,55;1,713;10,16;22.674.690,00
MUNICIPIO : Silva Jardim;;;;;;
ABACAXI ;9;114;7;2,4123;16,29;275.000,00
AIPIM ;188;8.070,00;800;0,6404;10,09;5.168.000,00
BANANA NANICA ;52;1.510,00;120;0,7868;12,58;1.188.000,00
BANANA PRATA ;43;771;142;1,0759;5,43;829.500,00
CANA DE AÇUCAR ;12;4.410,00;102;0,08;43,24;352.800,00
COCO VERDE ;11;353;23;0,9836;15,35;347.200,00
GOIABA ;4;86;10;1,2465;8,6;107.200,00
INHAME ;4;65;5;1,1415;13;74.200,00
JILÓ ;7;169;13;0,9746;13;164.700,00
LARANJA ;15;1.490,00;129;0,9866;11,55;1.470.000,00
LIMÃO ;10;1.015,00;60;1,0512;16,92;1.067.000,00
MARACUJÁ ;5;90;9;1,5944;10;143.500,00
MILHO VERDE ;5;542;57;0,4258;9,51;230.800,00
PALMITO ;10;489;125;7,8487;3,91;3.838.000,00
QUIABO ;5;70;10;1,3193;7;92.350,00
TANGERINA PONCÃ ;4;178;8;0,6562;22,25;116.800,00
TOTAL Silva Jardim ;384;19.422,00;1.620,00;0,7963;11,99;15.465.050,00
MUNICIPIO : Tanguá;;;;;;
ABOBORA ;20;35,35;6,38;1,163;5,54;41.111,50
AIPIM ;79;3.335,00;227,7;1,137;14,65;3.792.000,00
BANANA ;12;120,9;10;1,0382;12,09;125.515,00
COCO VERDE ;35;442,3;33;1,1458;13,4;506.785,00
FEIJÃO GUANDU ;44;37;25,7;13,1622;1,44;487.000,00
FEIJÃO MAUÁ ;21;33,2;16,35;1,9982;2,03;66.340,00
LARANJA ;250;19.125,00;1.330,00;1,3506;14,38;25.830.200,00
LIMÃO ;22;1.544,00;62;1,2959;24,9;2.000.900,00
QUIABO ;39;314;41,5;2,5629;7,57;804.750,00
TANGERINA ;12;423;8;1,34;52,88;566.800,00
TOMATE ;1;30,3;3;4,6238;10,1;140.100,00
TOTAL Tanguá ;535;25.440,05;1.763,63;1,3507;14,42;34.361.501,50
TOTAL CENTRO ;10.951;738.671,78;33.734,08;0,6597;21,9;487.285.465,80
REGIÃO : NOROESTE;72;373,6;78,9;1,75;4,74;653.524,50
MUNICIPIO : Aperibé;11.023;739.045,38;33.812,98;;;487.938.990,30
ABOBORA ;2;12;1;1,65;12;19.800,00
ABOBRINHA ;2;16;1;1,65;16;26.400,00
AIPIM ;10;96;8;1,3;12;124.800,00
BERINJELA ;13;250;10;1,03;25;257.500,00
COCO VERDE ;6;80;5;1,34;16;107.200,00
FEIJÃO ;5;5;5;4;1;20.000,00
JILÓ ;40;600;30;1,4433;20;866.000,00
MANGA ;10;36;2;0,8;18;28.800,00
MARACUJÁ ;3;40;2;4;20;160.000,00
MILHO ;8;44;22;0,8;2;35.200,00
PEPINO ;3;60;1,5;1,1;40;66.000,00
PIMENTÃO ;19;345;15;1,6333;23;563.500,00
QUIABO ;54;660;55;2,3491;12;1.550.400,00
TOMATE ;4;120;2;3,875;60;465.000,00
TOTAL Aperibé ;179;2.364,00;159,5;1,815;14,82;4.290.600,00
MUNICIPIO : Bom Jesus do Itabapoana;;;;;;
ABOBORA ;3;294;28;1,7218;10,5;506.200,00
ABOBRINHA ;3;15,1;1,9;1,4983;7,95;22.625,00
AIPIM ;12;63;3,5;1,4111;18;88.900,00
ALFACE ;7;67,7;3,4;0,8665;19,91;58.660,00
BANANA NANICA ;4;55,5;4,9;0,5143;11,33;28.545,00
CAFÉ ;317;835;723;5,2066;1,15;4.347.500,00
COUVE ;6;35,1;2,2;2,9702;15,95;104.255,00
FEIJÃO ;35;22,5;25;3,352;0,9;75.420,00
GOIABA ;5;231,5;6,5;2,2233;35,62;514.700,00
JILÓ ;4;67,8;3,9;1,5279;17,38;103.595,00
LARANJA ;3;617,96;103;1,5306;6;945.840,00
MILHO ;21;77;41,6;0,7109;1,85;54.740,00
PIMENTÃO ;4;97,8;4,29;1,555;22,8;152.080,00
PINHA ;1;3;2;8,1333;1,5;24.400,00
TANGERINA PONCÃ ;1;45;2;0,6667;22,5;30.000,00
TOMATE ;2;552,76;7;2,1761;78,97;1.202.868,00
UVA ;1;42,8;4;5,9783;10,7;255.870,00
TOTAL Bom Jesus do Itabapoana ;429;3.123,52;966,19;2,7265;3,23;8.516.198,00
MUNICIPIO : Cambuci;;;;;;
BANANA ;30;778;40;1,3465;19,45;1.047.550,00
CANA DE AÇUCAR ;58;5.400,00;135;0,1;40;540.000,00
JILÓ ;116;2.258,00;122;1,8835;18,51;4.252.900,00
MANDIOCA ;56;1.035,00;79,5;1,5017;13,02;1.554.300,00
PEPINO ;17;1.000,00;24;0,916;41,67;916.000,00
PIMENTÃO ;62;775;121;2,3629;6,4;1.831.250,00
QUIABO ;50;1.196,00;50;2,2912;23,92;2.740.300,00
TOMATE ;161;16.678,00;236,5;3,0438;70,52;50.764.200,00
UVA ;2;1,7;1;7,5;1,7;12.750,00
TOTAL Cambuci ;552;29.121,70;809;2,186;36;63.659.250,00
MUNICIPIO : Italva;;;;;;
AIPIM ;35;284;32,1;0,9956;8,85;282.740,00
ALFACE ;13;3,65;0,65;2,2799;5,62;8.321,50
ARROZ ;16;59;12,4;8,5072;4,76;501.925,00
BANANA ;10;222;25;1,2832;8,88;284.860,00
CANA DE AÇUCAR ;350;15.759,00;350;0,097;45,03;1.528.700,00
COCO VERDE ;8;376;12;1,3337;31,33;501.486,00
FEIJÃO ;42;27,65;26;3,6462;1,06;100.818,00
GOIABA ;2;56,4;3;1,4716;18,8;83.000,00
INHAME ;2;36;3;1,5386;12;55.390,00
MILHO ;40;87;35;0,7067;2,49;61.480,00
MILHO FORRAGEIRO ;41;2.050,20;56;0,1779;36,61;364.730,00
PIMENTÃO ;38;823;32,6;1,261;25,25;1.037.810,00
TOMATE ;51;4.405,60;54;1,745;81,59;7.687.851,00
TOTAL Italva ;648;24.189,50;641,75;0,5167;37,69;12.499.111,50
MUNICIPIO : Itaocara;;;;;;
ABOBORA ;13;167;8,5;1,4872;19,65;248.360,00
ABOBRINHA ;12;122;8;1,1672;15,25;142.400,00
AIPIM ;17;132;13;1,1031;10,15;145.610,00
BERINJELA ;76;1.102,00;55;1,0545;20,04;1.162.060,00
CANA FORRAGEIRA ;215;5.155,00;145;0,1152;35,55;594.100,00
COCO VERDE ;10;130;8;1,4346;16,25;186.500,00
GOIABA ;5;125;6;1,1224;20,83;140.300,00
GRAVIOLA ;3;33;3;6,7273;11;222.000,00
JILÓ ;107;1.485,00;77,5;1,4031;19,16;2.083.620,00
LIMÃO ;5;78;6;1,5783;13;123.110,00
MANGA ;55;1.000,00;50;0,702;20;702.000,00
MILHO VERDE ;5;25;2,5;1;10;25.000,00
PEPINO ;25;610;15;1,0191;40,67;621.640,00
PIMENTÃO ;36;593;23,5;1,771;25,23;1.050.230,00
QUIABO ;125;1.478,00;114;2,2143;12,96;3.272.690,00
TOMATE ;16;612,5;10,5;2,9766;58,33;1.823.150,00
VAGEM ;3;30;2,5;1,8333;12;55.000,00
TOTAL Itaocara ;728;12.877,50;548;0,9783;23,5;12.597.770,00
MUNICIPIO : Itaperuna;;;;;;
ABOBORA ;15;636;53;0,9283;12;590.400,00
ABOBRINHA ;8;73;4;0,9;18,25;65.700,00
AIPIM ;30;147,9;19,2;1,0241;7,7;151.460,00
ARROZ ;10;21;7;2,2;3;46.200,00
BANANA PRATA ;2;120,9;9,4;1,3955;12,86;168.720,00
BERINJELA ;10;128;5,5;1,1641;23,27;149.000,00
CAFÉ ;6;11,6;10;5,9552;1,16;69.080,00
COCO VERDE ;6;145,2;9,8;1,2187;14,82;176.960,00
FEIJÃO ;20;13,2;15;3,3636;0,88;44.400,00
JILÓ ;28;315;15,8;0,9819;19,94;309.300,00
MILHO FORRAGEIRO ;65;150;60;0,65;2,5;97.500,00
MILHO VERDE ;31;185,5;18,7;2,1617;9,92;401.000,00
PEPINO ;20;700;14;0,94;50;658.000,00
PIMENTÃO ;24;845;22;1,2485;38,41;1.055.000,00
QUIABO ;34;203,5;20,7;1,3582;9,83;276.400,00
TOMATE ;31;2.230,00;35,5;1,2152;62,82;2.709.800,00
TOTAL Itaperuna ;340;5.925,80;319,6;1,176;18,54;6.968.920,00
MUNICIPIO : Laje do Muriae;;;;;;
ABOBORA ;1;7;0,5;1,2;14;8.400,00
AIPIM ;2;25,5;1,6;1,8784;15,94;47.900,00
BANANA ;2;9,5;0,8;1,8947;11,88;18.000,00
BANANA PRATA ;3;29,2;1,75;1,8527;16,69;54.100,00
JILÓ ;2;0,7;0,7;2,1429;1;1.500,00
MILHO VERDE ;1;16,5;1,35;2,7788;12,22;45.850,00
QUIABO ;3;14;0,8;2,4964;17,5;34.950,00
TANGERINA PONCÃ ;2;19;1;1,4053;19;26.700,00
TOTAL Laje do Muriae ;16;121,4;8,5;1,9555;14,28;237.400,00
MUNICIPIO : Miracema;;;;;;
ABOBORA ;4;18,6;1,35;1,9387;13,78;36.060,00
ABOBRINHA ;2;27,6;3,5;1,2065;7,89;33.300,00
BANANA ;6;249,24;28,08;2,4401;8,88;608.174,50
CANA CACHAÇA ;2;566,4;10,1;0,15;56,08;84.960,00
CANA FORRAGEIRA ;320;16.827,10;293;0,09;57,43;1.514.439,00
COUVE ;2;36,03;1,03;6,8538;34,98;246.941,00
MANDIOCA ;5;204,36;11,7;1,1445;17,47;233.880,00
QUIABO ;3;153,7;12,3;1,7976;12,5;276.295,00
TOMATE ;4;1.625,41;23,4;2,2066;69,46;3.586.648,00
TOTAL Miracema ;348;19.708,44;384,46;0,3359;51,26;6.620.697,50
MUNICIPIO : Natividade;;;;;;
AIPIM ;10;98,47;7,49;1,4045;13,15;138.300,00
BANANA ;1;6,53;1;1,4234;6,53;9.295,00
BANANA PRATA ;1;16,58;1;1,3718;16,58;22.745,00
CAFÉ ;12;33,6;28;5,18;1,2;174.048,00
CANA FORRAGEIRA ;200;12.110,00;200;0,05;60,55;605.500,00
COCO VERDE ;4;84,9;6;1,1837;14,15;100.500,00
FEIJÃO ;8;4,8;8;3;0,6;14.400,00
INHAME ;1;7;0,6;2;11,67;14.000,00
JILÓ ;4;36;2;2,3;18;82.800,00
LARANJA ;22;504;42;1,5;12;756.000,00
MILHO FORRAGEIRO ;8;760;42;0,18;18,1;136.800,00
QUIABO ;4;27,5;2;3,1273;13,75;86.000,00
TOMATE ;4;240;4;3,4667;60;832.000,00
TOTAL Natividade ;279;13.929,38;344,09;0,2134;40,48;2.972.388,00
MUNICIPIO : Porciúncula;;;;;;
ABOBORA ;8;15,3;1;0,3755;15,3;5.745,00
ABOBRINHA ;5;14;1;0,5714;14;8.000,00
BANANA ;18;287;16;1,0333;17,94;296.550,00
CAFÉ ;839;4.424,00;4.841,00;5,2992;0,91;23.443.700,00
CANA FORRAGEIRA ;230;42.800,00;665;0,1129;64,36;4.830.000,00
FEIJÃO ;121;131,5;145;3,3726;0,91;443.500,00
JILÓ ;2;13;1;0,8462;13;11.000,00
LARANJA ;5;2.780,00;120;1,1306;23,17;3.143.000,00
LIMÃO ;1;770;35;2,4714;22;1.903.000,00
MANDIOCA ;13;173,5;8,2;0,2862;21,16;49.650,00
MILHO ;62;240;120;0,96;2;230.400,00
MILHO FORRAGEIRO ;27;4.870,00;144;0,3349;33,82;1.631.000,00
MILHO VERDE ;5;13,8;1,7;2,7217;8,12;37.560,00
TANGERINA ;1;690;40;1,6598;17,25;1.145.250,00
TANGERINA PONCÃ ;8;640;40;0,36;16;227.500,00
TOMATE ;6;328;7;3,9634;46,86;1.300.000,00
TOTAL Porciúncula ;1.351;58.190,10;6.185,90;0,6652;9,41;38.705.855,00
MUNICIPIO : Santo Antônio de Pádua;;;;;;
ABOBORA ;14;108;9;1,9778;12;213.600,00
BANANA ;22;140,4;13;2,0692;10,8;290.520,00
BERINJELA ;8;156;6;2,0833;26;325.000,00
COCO VERDE ;9;180;9;1,8;20;324.000,00
FEIJÃO ;36;14,6;24;4,2425;0,61;61.940,00
JILÓ ;15;216;12;2,25;18;486.000,00
MILHO ;78;165,6;72;0,9;2,3;149.040,00
PEPINO ;8;120;4;1,55;30;186.000,00
PIMENTÃO ;16;330;11;2,2727;30;750.000,00
QUIABO ;22;144;12;2,4833;12;357.600,00
TOMATE ;22;2.486,00;22;2,3609;113;5.869.220,00
TOTAL Santo Antônio de Pádua ;250;4.060,60;194;2,2196;20,93;9.012.920,00
MUNICIPIO : São José de Ubá;;;;;;
BERINJELA ;5;27;3;0,7;9;18.900,00
LARANJA ;15;65,7;7,6;1,4307;8,64;94.000,00
PEPINO ;190;7.200,00;180;0,1861;40;1.340.000,00
PIMENTÃO ;125;1.240,00;81;0,6573;15,31;815.000,00
TOMATE ;265;17.850,00;255;1,1176;70;19.950.000,00
UVA ;4;30;4,5;6,4;6,67;192.000,00
TOTAL São José de Ubá ;604;26.412,70;531,1;0,8485;49,73;22.409.900,00
MUNICIPIO : Varre-Sai;;;;;;
ABACATE ;1;21;9;2;2,33;42.000,00
ABOBRINHA ;3;173;11,5;1,3679;15,04;236.650,00
AIPIM ;4;93,6;6,51;1,1994;14,38;112.260,00
ALFACE ;1;282;12,3;1,5631;22,93;440.800,00
BANANA NANICA ;3;36,5;6;0,9975;6,08;36.410,00
CAFÉ ;1.200;4.690,00;5.000,00;5,1478;0,94;24.143.000,00
CAQUI ;6;27;10;2,5;2,7;67.500,00
CEBOLINHA ;1;30;10,5;7,06;2,86;211.800,00
COUVE ;2;90;5,7;2,0872;15,79;187.850,00
FEIJÃO ;160;300;267;3,3333;1,12;1.000.000,00
GOIABA ;2;10,64;0,7;3;15,2;31.920,00
JILÓ ;7;160;7,5;1,6091;21,33;257.450,00
LARANJA ;2;36;12;1,6667;3;60.000,00
LIXIA ;1;12;4;10;3;120.000,00
MILHO ;300;2.000,00;300;0,751;6,67;1.502.000,00
TANGERINA PONCÃ ;4;100;14;1,47;7,14;147.000,00
TOMATE ;6;131,25;2,9;2,2272;45,26;292.322,50
TOTAL Varre-Sai ;1.703;8.192,99;5.679,61;3,5261;1,44;28.888.962,50
TOTAL NOROESTE ;7.427;208.217,63;16.771,70;1,044;12,41;217.379.972,50
REGIÃO : NORTE;;;;;;
MUNICIPIO : Campos dos Goytacases;;;;;;
ABACAXI ;197;4.710,00;242;1,3866;19,46;6.530.750,00
ABOBORA ;19;131;12;0,8592;10,92;112.550,00
AIPIM ;264;2.415,00;259;0,5784;9,32;1.396.750,00
ALFACE ;37;109;7;1,6289;15,57;177.550,00
BANANA NANICA ;54;253;24,5;1,1762;10,33;297.570,00
BANANA PRATA ;56;251;24,8;1,6508;10,12;414.350,00
BATATA DOCE ;28;84;8;0,8315;10,5;69.850,00
CAFÉ ;14;19;21;5;0,9;95.000,00
CANA CALDO ;79;1.950,00;53;0,3727;36,79;726.740,00
CANA DE AÇUCAR ;1.243;1.350.700,00;30.434,00;0,0712;44,38;96.159.000,00
COCO VERDE ;54;158;12,2;1,2703;12,95;200.700,00
GOIABA ;12;63;5;0,919;12,6;57.900,00
MANDIOCA ;153;913;62;0,2221;14,73;202.760,00
MANGA ;42;60;7;0,65;8,57;39.000,00
MARACUJÁ ;34;145;7;2,16;20,71;313.200,00
MAXIXE ;36;104;8,2;0,812;12,68;84.450,00
MILHO VERDE ;49;152;12,3;1,1707;12,36;177.950,00
QUIABO ;44;151;12,3;1,8705;12,28;282.450,00
TOTAL Campos dos Goytacases ;2.415;1.362.368,00;31.211,30;0,0788;43,65;107.338.520,00
MUNICIPIO : Carapebus;;;;;;
ABOBORA ;5;32;5;1,1227;6,4;35.925,00
AIPIM ;10;64;10;1,0477;6,4;67.050,00
CANA FORRAGEIRA ;27;595;32;0,0772;18,59;45.950,00
COCO VERDE ;3;38,5;3,5;1,0279;11;39.575,00
LARANJA ;3;37;5;1,2709;7,4;47.025,00
LIMÃO ;3;22,5;4;1,64;5,63;36.900,00
MILHO ;7;15,7;8;0,9809;1,96;15.400,00
TOTAL Carapebus ;58;804,7;67,5;0,3577;11,92;287.825,00
MUNICIPIO : Cardoso Moreira;;;;;;
AIPIM ;8;105,4;9,9;0,8995;10,65;94.810,00
CANA DE AÇUCAR ;1;7.100,00;150;0,0575;47,33;408.000,00
CANA FORRAGEIRA ;120;513,1;19,9;0,0588;25,78;30.186,00
MANGA ;1;3;2;2;1,5;6.000,00
MILHO FORRAGEIRO ;12;290,72;21,35;0,3512;13,62;102.102,00
TANGERINA PONCÃ ;1;16,65;3;1;5,55;16.650,00
TOMATE ;2;12,5;0,3;1,4;41,67;17.500,00
UVA ;1;24,36;4,5;7,044;5,41;171.593,00
TOTAL Cardoso Moreira ;146;8.065,73;210,95;0,105;38,24;846.841,00
MUNICIPIO : Conceição de Macabu;;;;;;
ABOBORA ;3;11,4;0,88;2,1421;12,95;24.420,00
AIPIM ;28;102;10,7;1,8855;9,53;192.320,00
ALFACE ;3;7,5;0,8;2,02;9,38;15.150,00
BANANA ;17;113;12,5;2,1615;9,04;244.250,00
BATATA DOCE ;3;11,2;1;2;11,2;22.400,00
COUVE ;5;20;1,5;2;13,33;40.000,00
INHAME ;1;5,3;0,3;2;17,67;10.600,00
TOTAL Conceição de Macabu ;60;270,4;27,68;2,0308;9,77;549.140,00
MUNICIPIO : Macaé;;;;;;
ABOBORA ;1;0,24;0,22;4;1,09;960
AIPIM ;30;38;4,7;1,1276;8,09;42.850,00
ALFACE ;12;26,4;4,57;3,2197;5,78;85.000,00
ALFACE - CULT. PROTG ;1;0,05;0,02;8;2,5;400
ARROZ ;2;507,6;207;0,84;2,45;426.384,00
BANANA ;10;542,9;30;2,1336;18,1;1.158.332,00
BANANA NANICA ;38;688;109,1;0,4798;6,31;330.100,00
BANANA PRATA ;47;640;112,11;0,5287;5,71;338.350,00
BATATA DOCE ;1;0,66;0,26;4,1818;2,54;2.760,00
CEBOLINHA ;12;8,8;0,82;8,5341;10,73;75.100,00
COUVE ;12;3;0,75;9,3333;4;28.000,00
FEIJÃO ;3;215;72,59;3,2223;2,96;692.800,00
INHAME ;1;0,4;0,3;3,5;1,33;1.400,00
MILHO ;2;3.825,10;520;0,8377;7,36;3.204.320,00
MILHO FORRAGEIRO ;1;880;20;0,05;44;44.000,00
PIMENTÃO ;1;0,15;0,01;6;15;900
RÚCULA - CULT. PROTG ;1;0,03;0,01;7,5;3;225
SALSA ;12;1,5;0,27;8,8;5,56;13.200,00
TANGERINA PONCÃ ;1;2;0,4;1,8;5;3.600,00
TOMATE ;1;0,2;0,03;8;6,67;1.600,00
TOMATE - CULT.PROTG ;1;0,08;0,03;7,5;2,67;600
TOTAL Macaé ;190;7.380,11;1.083,19;0,8741;6,81;6.450.881,00
MUNICIPIO : Quissamã;;;;;;
AIPIM ;50;3.465,00;318;2,3552;10,9;8.160.750,00
CANA DE AÇUCAR ;7;36.700,00;590;0,07;62,2;2.569.000,00
COCO VERDE ;50;16.450,00;700;0,4959;23,5;8.157.500,00
FEIJÃO ;25;74;56,5;2,2169;1,31;164.050,00
MARACUJÁ ;2;18,45;1,99;2,8309;9,27;52.230,00
MILHO ;22;98;55;0,7;1,78;68.600,00
TOTAL Quissamã ;156;56.805,45;1.721,49;0,3375;33;19.172.130,00
MUNICIPIO : Rio das Ostras;;;;;;
ABOBORA ;1;1,1;0,5;1,2;2,2;1.320,00
AIPIM ;7;217,6;21,9;1,4929;9,94;324.850,00
ALFACE ;1;8,2;0,55;1,67;14,91;13.694,00
BANANA ;7;33,2;10,2;1,8438;3,25;61.213,00
BROCOLOS ;1;2,2;0,25;1,25;8,8;2.750,00
COCO VERDE ;4;48,2;3,5;0,975;13,77;46.994,00
COUVE ;2;5,91;0,45;1,1925;13,13;7.047,50
FEIJÃO ;37;9,62;36,6;8,0603;0,26;77.540,00
LARANJA ;1;20;2;1,55;10;31.000,00
LIMÃO ;2;15;1,5;1,9333;10;29.000,00
MILHO VERDE ;3;1,56;0,17;2,625;9,18;4.095,00
PIMENTÃO ;1;4,1;0,5;1,2559;8,2;5.149,00
QUIABO ;1;1,98;0,13;2,2;15,23;4.356,00
SALSA ;1;0,7;0,03;2,7;23,33;1.890,00
TOMATE CEREJA ;1;0,52;0,01;6,3;52;3.276,00
TOMATE - CULT.PROTG ;1;0,71;0,01;10;71;7.100,00
UVA ;1;3;0,6;10,75;5;32.250,00
TOTAL Rio das Ostras ;72;373,6;78,9;1,7493;4,74;653.524,50
MUNICIPIO : São Fidélis;;;;;;
BANANA ;33;138,72;21,28;0,677;6,52;93.911,50
BERINJELA ;82;979,28;24,42;0,7981;40,1;781.603,70
CANA DE AÇUCAR ;15;5.411,92;144,2;0,07;37,53;378.834,40
COCO VERDE ;6;427,96;30;1,5;14,27;641.940,00
FEIJÃO ;15;9,5;14,85;2,4932;0,64;23.685,80
JILÓ ;65;438,25;17,27;0,9128;25,38;400.045,60
MANGA ;15;185,62;12,66;1,394;14,66;258.754,00
PEPINO ;47;580,32;13,94;1,0412;41,63;604.203,80
PIMENTÃO ;59;255,58;17,71;0,8716;14,43;222.771,30
QUIABO ;305;1.076,06;134,88;1,0353;7,98;1.114.004,70
TOMATE ;71;749,33;17,8;1,8242;42,1;1.366.917,70
UVA ;2;11,2;0,8;10,4442;14;116.974,80
VAGEM ;20;63,73;5,1;1,9488;12,5;124.195,50
TOTAL São Fidélis ;735;10.327,47;454,91;0,5934;22,7;6.127.842,80
MUNICIPIO : São Francisco de Itabapoan;;;;;;
ABACAXI ;409;101.780,00;4.056,00;1,1704;25,09;119.120.000,00
ABOBORA ;15;4.880,00;245;1,7131;19,92;8.360.000,00
AIPIM ;525;41.980,00;3.020,00;0,5124;13,9;21.509.200,00
CANA DE AÇUCAR ;570;599.800,00;13.355,00;0,0601;44,91;36.071.000,00
COCO VERDE ;42;188;77;1,0521;2,44;197.800,00
FEIJÃO MAUÁ ;49;350,5;77;1,8475;4,55;647.550,00
GOIABA ;8;200;10;1,66;20;332.000,00
MANDIOCA ;418;73.200,00;3.750,00;0,101;19,52;7.396.000,00
MANGA ;3;120;6;0,5;20;60.000,00
MARACUJÁ ;35;155;47;1,9226;3,3;298.000,00
QUIABO ;31;153;25,8;2,2967;5,93;351.400,00
URUCUM ;2;15;10;1;1,5;15.000,00
TOTAL São Francisco de Itabapoana ;2.107;822.821,50;24.678,80;0,2362;33,34;194.357.950,00
MUNICIPIO : São João da Barra;;;;;;
ABACAXI ;141;9.371,00;304;1,6156;30,83;15.139.890,00
ABOBORA ;50;199;20;0,906;9,95;180.300,00
AIPIM ;54;748,5;52;0,7018;14,39;525.300,00
BATATA DOCE ;30;424,5;30,25;0,8186;14,03;347.505,00
CANA CALDO ;24;935;18,5;0,239;50,54;223.500,00
CANA FORRAGEIRA ;49;1.685,00;33,5;0,1215;50,3;204.700,00
COCO VERDE ;52;2.344,50;93;1,0611;25,21;2.487.700,00
COUVE ;13;54;1,2;1,8667;45;100.800,00
FEIJÃO MAUÁ ;28;52,8;10,5;1,5456;5,03;81.610,00
GOIABA ;15;485,5;19,5;1,5154;24,9;735.750,00
JILÓ ;30;276;18,25;1,114;15,12;307.455,00
MAXIXE ;110;477;45;1,4036;10,6;669.500,00
PIMENTÃO ;30;190,3;19;1,067;10,02;203.050,00
QUIABO ;90;1.238,00;107;1,8908;11,57;2.340.800,00
TOTAL São João da Barra ;716;18.481,10;771,7;1,2742;23,95;23.547.860,00
TOTAL NORTE ;6.655;2.287.698,06;60.306,42;0,1571;37,93;359.332.514,30
REGIÃO : SERRANA;;;;;;
MUNICIPIO : Bom Jardim;;;;;;
ABOBRINHA ;198;992;62;0,9339;16;926.400,00
AIPIM ;225;2.034,00;113;0,9725;18;1.978.020,00
BANANA NANICA ;170;946;75;0,6194;12,61;585.970,00
BANANA PRATA ;85;242;24;0,8986;10,08;217.470,00
BATATA DOCE ;403;3.570,00;255;0,9489;14;3.387.720,00
BERINJELA ;230;3.034,00;82;0,9078;37;2.754.280,00
CAFÉ ;124;1.608,00;1.090,00;6,3945;1,48;10.282.300,00
CHUCHU ;196;4.950,00;66;0,5064;75;2.506.500,00
COUVE FLOR ;215;2.575,00;103;1,076;25;2.770.750,00
FEIJÃO ;186;117,6;98;2,2745;1,2;267.480,00
GOIABA ;92;760;26;2,2559;29,23;1.714.500,00
INHAME ;326;5.681,00;247;1,1065;23;6.285.900,00
JILÓ ;215;2.550,00;102;0,9003;25;2.295.750,00
LIMÃO ;30;120;6;1,6833;20;202.000,00
MARACUJÁ ;143;770;55;1,4009;14;1.078.700,00
MAXIXE ;128;155;31;1,1226;5;174.000,00
MILHO ;99;264;88;0,5457;3;144.060,00
PEPINO ;149;2.350,00;47;1,0511;50;2.470.000,00
PIMENTÃO ;297;2.760,00;120;1,0328;23;2.850.620,00
REPOLHO ;221;5.568,00;116;0,9882;48;5.502.240,00
TANGERINA PONCÃ ;34;237,5;9,5;2,2895;25;543.750,00
TOMATE ;431;15.900,00;212;1,0317;75;16.404.000,00
VAGEM ;231;1.782,00;99;1,1493;18;2.048.040,00
TOTAL Bom Jardim ;4.428;58.966,10;3.126,50;1,1429;18,86;67.390.450,00
MUNICIPIO : Cantagalo;;;;;;
ABOBORA ;1;13;1;1;13;13.000,00
ARROZ ;13;31;9;1,75;3,44;54.250,00
BERINJELA ;2;21,1;0,94;1,0882;22,45;22.960,00
CHUCHU ;1;6,75;0,15;0,4833;45;3.262,50
FEIJÃO ;4;3;3;4,5;1;13.500,00
JILÓ ;4;52,4;2,9;1,3174;18,07;69.030,00
PIMENTÃO ;1;7,8;0,35;1,2795;22,29;9.980,00
QUIABO ;10;86,2;4,8;1,3473;17,96;116.135,00
TOMATE ;1;43,3;0,75;1,754;57,73;75.950,00
TOTAL Cantagalo ;37;264,55;22,89;1,4291;11,56;378.067,50
MUNICIPIO : Carmo;;;;;;
ABOBORA ;4;37,5;2,5;1,114;15;41.775,00
ABOBRINHA ;5;94;5,51;0,8681;17,06;81.600,00
AIPIM ;6;166,4;13,6;0,9214;12,24;153.320,00
BANANA PRATA ;5;14,12;1,22;1,6357;11,57;23.095,70
BERINJELA ;11;339,15;11,29;0,7773;30,04;263.617,50
CANA FORRAGEIRA ;336;11.160,00;168;0,08;66,43;892.800,00
FEIJÃO ;15;11;10;3,41;1,1;37.510,00
JILÓ ;8;216;9,74;1,7729;22,18;382.950,00
LIMÃO ;1;3,25;0,18;1,7192;18,06;5.587,50
MARACUJÁ ;1;8,61;0,84;2,5749;10,25;22.169,90
MILHO FORRAGEIRO ;2;13.072,00;302,48;0,25;43,22;3.268.000,00
MILHO VERDE ;3;135,7;14,76;0,6763;9,19;91.770,00
PEPINO ;12;1.156,60;23,05;0,6342;50,18;733.516,00
PIMENTÃO ;6;57,5;2,3;1,4722;25;84.650,00
QUIABO ;4;31,65;2,14;1,8688;14,79;59.148,00
TOMATE ;9;466,2;9,34;0,8165;49,91;380.674,00
VAGEM ;3;18,83;1,15;1,9595;16,37;36.897,90
TOTAL Carmo ;431;26.988,51;578,1;0,243;46,68;6.559.081,50
MUNICIPIO : Cordeiro;;;;;;
ABOBORA ;5;295;15;0,978;19,67;288.500,00
ABOBRINHA ;1;18;1;1,6;18;28.800,00
AIPIM ;10;260;17;1,5808;15,29;411.000,00
BANANA NANICA ;2;45;3,6;1,1667;12,5;52.500,00
BANANA PRATA ;2;72;6,3;1,3;11,43;93.600,00
CAQUI ;1;570;19;3,1842;30;1.815.000,00
JILÓ ;2;60;2;1,65;30;99.000,00
MARACUJÁ ;1;92;3,15;3,1304;29,21;288.000,00
MILHO FORRAGEIRO ;8;2.350,00;53;0,3319;44,34;780.000,00
PEPINO ;7;212;6,5;1,4189;32,62;300.800,00
REPOLHO ;3;100;2,5;1,07;40;107.000,00
TOMATE ;12;630;17;2,5635;37,06;1.615.000,00
TOTAL Cordeiro ;54;4.704,00;146,05;1,2498;32,21;5.879.200,00
MUNICIPIO : Duas Barras;;;;;;
ABACATE ;27;23,6;1,4;1,4697;16,86;34.685,00
ABOBORA ;36;377,5;25,8;1,395;14,63;526.600,00
ABOBRINHA ;80;1.327,00;54,1;0,8697;24,53;1.154.050,00
AIPIM ;55;683;40,7;1,0592;16,78;723.450,00
ALFACE ;13;49,9;2,5;1,3545;19,96;67.590,00
BANANA PRATA ;55;811;61,6;1,434;13,17;1.162.950,00
BATATA DOCE ;15;132;10,5;0,9511;12,57;125.550,00
BERINJELA ;66;1.106,00;34,9;1,4327;31,69;1.584.550,00
BROCOLOS ;5;61,2;3,05;1,5592;20,07;95.420,00
CAFÉ ;18;769;305;6,2389;2,52;4.797.700,00
CANA FORRAGEIRA ;135;4.887,00;81,7;0,1043;59,82;509.940,00
CAQUI ;14;469;22,5;1,1284;20,84;529.200,00
CHUCHU ;16;1.199,00;25,8;0,9583;46,47;1.148.950,00
COUVE ;24;69;2,35;4,5156;29,36;311.575,00
COUVE FLOR ;7;200,8;9,3;1,1789;21,59;236.730,00
ERVILHA ;19;63,7;6,45;7,3148;9,88;465.950,00
FEIJÃO ;40;12,46;11,2;3,2856;1,11;40.938,00
FIGO ;1;3,9;0,35;7,9077;11,14;30.840,00
GOIABA ;2;17,2;0,69;3,4058;24,93;58.580,00
INHAME ;33;346;17,4;2,222;19,89;768.800,00
JILÓ ;58;797;33,8;1,9194;23,58;1.529.800,00
LARANJA ;42;359,6;37,8;1,1437;9,51;411.260,00
LIMÃO ;12;112,1;7,7;2,6471;14,56;296.740,00
MARACUJÁ ;6;34;2,1;2,3762;16,19;80.790,00
MELANCIA ;6;8,6;0,4;0,7733;21,5;6.650,00
MILHO FORRAGEIRO ;85;6.456,00;158,5;0,1954;40,73;1.261.350,00
MILHO VERDE ;12;23,5;3,5;0,8426;6,71;19.800,00
PEPINO ;63;1.250,00;29,2;0,8401;42,81;1.050.100,00
PESSEGO ;1;3;0,3;5,12;10;15.360,00
PIMENTÃO ;61;909;40,1;1,7679;22,67;1.607.000,00
QUIABO ;13;30,1;1,55;1,9415;19,42;58.440,00
REPOLHO ;66;2.515,00;60,3;0,732;41,71;1.840.900,00
TANGERINA PONCÃ ;60;751;56;1,0652;13,41;800.000,00
TOMATE ;60;1.308,00;26,1;2,1498;50,11;2.811.900,00
VAGEM ;60;439,8;26,6;2,2973;16,53;1.010.340,00
TOTAL Duas Barras ;1.266;27.604,96;1.201,24;0,9844;22,98;27.174.478,00
MUNICIPIO : Macuco;;;;;;
CANA FORRAGEIRA ;22;320;6;0,105;53,33;33.600,00
FEIJÃO ;5;5;3;3,4;1,67;17.000,00
MANDIOCA ;4;38,75;1,75;1,0581;22,14;41.000,00
MARACUJÁ ;6;59,3;3,5;3,6189;16,94;214.600,00
MILHO FORRAGEIRO ;15;1.132,00;30;0,249;37,73;281.850,00
TOTAL Macuco ;52;1.555,05;44,25;0,3782;35,14;588.050,00
MUNICIPIO : Nova Friburgo;;;;;;
ABOBRINHA ;78;700,36;41,7;1,3121;16,8;918.910,00
AIPIM ;72;584,2;36,55;1,3356;15,98;780.270,00
ALFACE ;90;2.499,60;118,5;1,8393;21,09;4.597.470,00
BANANA NANICA ;84;1.214,45;102;1,7422;11,91;2.115.770,00
BANANA PRATA ;60;675,3;60;2,2019;11,26;1.486.975,00
BATATA ;19;170,7;9,5;1,4139;17,97;241.357,00
BATATA DOCE ;21;216,31;15,6;1,2965;13,87;280.443,00
BETERRABA ;29;344,63;13,95;1,5493;24,7;533.922,50
BROCOLOS ;555;11.837,60;666,9;2,6444;17,75;31.302.970,00
CAQUI ;41;929;41;2,1413;22,66;1.989.300,00
CENOURA ;19;345,03;13,75;1,7768;25,09;613.037,50
COENTRO ;9;29,2;1,8;4;16,22;116.800,00
COUVE FLOR ;727;18.853,00;541,75;1,6501;34,8;31.109.900,00
ERVILHA ;80;378,36;40,5;8,1883;9,34;3.098.140,00
FEIJÃO ;27;12,14;10,6;3,3696;1,15;40.907,00
GOIABA ;25;478,5;15,5;2,0399;30,87;976.075,00
INHAME ;105;1.129,20;74,3;1,9056;15,2;2.151.750,00
JILÓ ;38;559,9;26,5;1,9849;21,13;1.111.340,00
MILHO VERDE ;44;427,25;53,9;0,8776;7,93;374.940,00
MORANGO ;50;933,4;33,7;11,3212;27,7;10.567.250,00
NABO ;18;225,3;9,1;2,2574;24,76;508.600,00
PIMENTÃO ;37;481,85;17,6;1,5079;27,38;726.590,00
REPOLHO ;86;2.255,77;53,5;0,711;42,16;1.603.854,00
SALSA ;79;1.166,40;31,58;3,0596;36,93;3.568.660,00
TOMATE ;348;18.960,00;276,5;2,0437;68,57;38.747.850,00
VAGEM ;67;681,3;35;2,5709;19,47;1.751.560,00
TOTAL Nova Friburgo ;2.808;66.088,75;2.341,28;2,1383;28,23;141.314.641,00
MUNICIPIO : Santa Maria Madalena;;;;;;
AIPIM ;9;179,7;11,97;1,4393;15,01;258.634,80
BANANA NANICA ;24;7.960,57;568,52;1,4079;14;11.207.684,10
BANANA PRATA ;10;2.640,00;240;1,8164;11;4.795.296,00
CANA FORRAGEIRA ;35;1.926,00;25,68;0,1432;75;275.842,50
FEIJÃO ;19;21,52;21,36;5,5674;1,01;119.810,00
MILHO ;38;77,28;24,42;0,8235;3,16;63.642,50
TOTAL Santa Maria Madalena ;135;12.805,07;891,95;1,3058;14,36;16.720.909,90
MUNICIPIO : São Sebastião do Alto;;;;;;
BERINJELA ;75;1.890,00;63;1,2208;30;2.307.300,00
GOIABA ;2;30;1;1,3;30;39.000,00
JILÓ ;84;1.760,00;80;1,8794;22;3.307.700,00
PEPINO ;67;3.360,00;56;0,8107;60;2.724.000,00
PIMENTÃO ;80;1.642,00;75;1,676;21,89;2.752.000,00
QUIABO ;160;2.774,00;136;1,698;20,4;4.710.240,00
TOMATE ;102;7.200,00;119;2,151;60,5;15.487.200,00
TOTAL São Sebastião do Alto ;570;18.656,00;530;1,6792;35,2;31.327.440,00
MUNICIPIO : Sumidouro;;;;;;
ABOBORA ;36;455;45,5;1,3167;10;599.100,00
ABOBRINHA ;173;2.007,00;111,5;0,646;18;1.296.450,00
AGRIÃO ;57;1.800,00;90;2,5449;20;4.580.800,00
AIPIM ;114;3.344,00;209;0,9871;16;3.300.960,00
ALFACE ;314;8.932,00;406;1,4105;22;12.598.740,00
BANANA NANICA ;48;2.171,20;158;1,0684;13,74;2.319.752,00
BANANA PRATA ;112;2.520,00;252;1,3822;10;3.483.200,00
BERINJELA ;135;3.120,00;104;1,081;30;3.372.600,00
BERTALHA ;10;425;21,25;2,3567;20;1.001.600,00
BETERRABA ;42;771;48;0,9113;16,06;702.607,50
BROCOLOS ;186;2.354,00;107;1,7264;22;4.063.840,00
CAQUI ;123;4.630,00;198;2,3991;23,38;11.107.940,00
CEBOLINHA ;48;427,5;29,5;3,674;14,49;1.570.650,00
CHUCHU ;42;2.755,00;55;0,6128;50,09;1.688.400,00
COENTRO ;203;2.052,00;114;5,2914;18;10.857.960,00
COUVE ;283;9.746,00;193;4,7325;50,5;46.123.100,00
COUVE FLOR ;124;3.207,54;111;0,9399;28,9;3.014.910,10
ERVILHA ;195;1.071,00;119;4,6862;9;5.018.940,00
INHAME ;20;440;27,5;1,3336;16;586.800,00
JILÓ ;195;3.128,00;136;1,1261;23;3.522.335,00
LARANJA ;27;235;16;1,1811;14,69;277.550,00
MILHO VERDE ;32;384;48;0,615;8;236.160,00
PEPINO ;116;4.032,00;96;0,8171;42;3.294.690,00
PIMENTÃO ;160;4.764,00;160;1,2337;29,78;5.877.360,00
QUIABO ;15;404;24,75;1,3446;16,32;543.200,00
REPOLHO ;332;8.906,00;221;0,5441;40,3;4.845.870,00
SALSA ;132;2.380,00;68;2,3672;35;5.633.950,00
TANGERINA PONCÃ ;110;2.284,00;108;1,6321;21,15;3.727.780,00
TOMATE ;483;20.230,00;329;2,0547;61,49;41.566.200,00
VAGEM ;148;2.603,00;137;1,601;19;4.167.460,00
TOTAL Sumidouro ;4.015;101.578,24;3.743,00;1,8801;27,14;190.980.904,60
MUNICIPIO : Teresópolis;;;;;;
ABOBRINHA ;80;812;47;0,8928;17,28;724.970,00
AGRIÃO ;70;1.658,50;66,6;2,3142;24,9;3.838.100,00
ALFACE ;1.427;93.820,00;3.605,00;1,2234;26,02;114.781.900,00
ALFACE - CULT. PROTG ;154;4.909,70;86,9;1,4598;56,5;7.166.950,00
ALHO PORRÓ ;88;646,7;25;2,2871;25,87;1.479.056,00
BETERRABA ;64;632,6;25,4;1,2307;24,91;778.530,00
BROCOLOS ;460;10.244,20;453,3;1,2288;22,6;12.588.540,00
CEBOLINHA ;340;5.359,00;334,3;2,2832;16,03;12.235.810,00
CENOURA ;22;375,69;13,6;1,4225;27,62;534.408,00
CHICÓRIA ;483;5.598,20;189,9;0,9642;29,48;5.397.944,00
CHUCHU ;30;1.667,20;25,1;0,7369;66,42;1.228.640,00
COENTRO ;305;1.421,70;90,7;3,4958;15,67;4.969.930,00
COUVE ;510;20.970,00;349,5;1,5884;60;33.309.000,00
COUVE FLOR ;65;1.249,00;35,62;1,1905;35,06;1.486.900,00
ERVILHA ;30;23,4;3,05;4,6444;7,67;108.680,00
ESPINAFRE ;300;8.223,00;236,7;1,2198;34,74;10.030.100,00
JILÓ ;70;459,2;20;1,3134;22,96;603.122,00
PIMENTÃO ;51;498,2;12,55;1,4849;39,7;739.800,00
REPOLHO ;80;2.183,50;46,9;0,6994;46,56;1.527.230,00
RÚCULA ;56;283;24,1;3,4982;11,74;990.000,00
RÚCULA - CULT. PROTG ;50;1.497,00;36,7;4,5104;40,79;6.752.000,00
SALSA ;100;1.507,50;42,9;1,7288;35,14;2.606.100,00
TANGERINA PONCÃ ;131;8.125,00;460;0,7429;17,66;6.036.000,00
TOMATE ;40;997;14,3;1,1996;69,72;1.195.970,00
TOMATE CEREJA ;53;897;9,25;3,2045;96,97;2.874.400,00
VAGEM ;34;51,6;3,3;2,2449;15,64;115.836,00
VAGEM FRANCESA ;40;395,9;11,7;6,1388;33,84;2.430.360,00
TOTAL Teresópolis ;5.133;174.505,79;6.269,37;1,3554;27,83;236.530.276,00
MUNICIPIO : Trajano de Morais;;;;;;
ABACATE ;10;30;2;1,6;15;48.000,00
ABOBRINHA ;25;200;10;1,03;20;206.000,00
AIPIM ;67;1.310,00;69,1;1,3024;18,96;1.706.100,00
BANANA NANICA ;92;3.812,00;317;1,5497;12,03;5.907.440,00
BANANA PRATA ;51;1.993,46;165,6;2,0303;12,04;4.047.347,00
BATATA ;20;240;11,6;1,035;20,69;248.400,00
BATATA DOCE ;74;676;48,8;1,2075;13,85;816.300,00
BERINJELA ;21;457;21,5;2,0232;21,26;924.600,00
CAFÉ ;6;69;35;4,1043;1,97;283.200,00
CAQUI ;24;170;17;2,3265;10;395.500,00
CHUCHU ;9;896;17,3;1,3978;51,79;1.252.400,00
COUVE FLOR ;68;917;41,4;1,5599;22,15;1.430.414,00
FEIJÃO ;37;26;24;3,4308;1,08;89.200,00
INHAME ;50;1.024,50;57,8;2,3791;17,72;2.437.350,00
JILÓ ;24;494,5;20,2;1,8503;24,48;914.980,00
MARACUJÁ ;19;162,38;14,7;3,2072;11,05;520.783,00
MILHO ;30;30;10;0,95;3;28.500,00
MORANGO ;1;1,44;0,24;12;6;17.280,00
PIMENTÃO ;75;605;27,5;2,1621;22;1.308.100,00
REPOLHO ;68;2.106,08;56,65;0,837;37,18;1.762.713,00
TOMATE ;87;2.862,50;45,3;2,5417;63,19;7.275.745,00
VAGEM ;32;174,6;9,85;2,8266;17,73;493.530,00
TOTAL Trajano de Morais ;890;18.257,46;1.022,54;1,7589;17,86;32.113.882,00
TOTAL SERRANA ;19.819;511.974,48;19.917,17;1,4785;25,71;756.957.380,50
REGIÃO : SUL;;;;;;
MUNICIPIO : Angra dos Reis;;;;;;
AIPIM ;30;194;23,5;4,4858;8,26;870.250,00
BANANA ;33;204;26,5;3,5;7,7;714.000,00
CANA CALDO ;14;590;14,5;0,2398;40,69;141.500,00
JILÓ ;10;63,5;7;5;9,07;317.500,00
MILHO VERDE ;32;127,5;14;10;9,11;1.275.000,00
PALMITO ;109;495,5;98;20;5,06;9.910.000,00
QUIABO ;33;230,5;16,5;4,3492;13,97;1.002.500,00
TOTAL Angra dos Reis ;261;1.905,00;200;7,4702;9,53;14.230.750,00
MUNICIPIO : Areal;;;;;;
AIPIM ;5;88,64;7;1,4609;12,66;129.493,10
BANANA ;2;48,34;6,27;1,7286;7,71;83.559,60
PIMENTÃO ;1;15;0,5;2;30;30.000,00
TANGERINA ;2;37,67;2;0,6084;18,84;22.920,00
TOTAL Areal ;10;189,65;15,77;1,4024;12,03;265.972,70
MUNICIPIO : Barra do Pirai;;;;;;
ABOBRINHA ;1;22,65;2,42;1,9675;9,36;44.565,00
AIPIM ;9;63,1;4,78;3,0081;13,2;189.813,50
ALFACE ;8;31,55;2,16;1,2477;14,61;39.365,00
BANANA ;6;71,65;6;2,964;11,94;212.369,00
CANA FORRAGEIRA ;51;5.192,00;83,5;0,1534;62,18;796.500,00
COUVE ;7;33,65;0,87;5,8608;38,68;197.215,00
COUVE FLOR ;1;16,8;0,73;3,3243;23,01;55.847,50
TOTAL Barra do Pirai ;83;5.431,40;100,46;0,2827;54,07;1.535.675,00
MUNICIPIO : Barra Mansas;;;;;;
ABOBRINHA ;3;26,79;2,81;1,4401;9,53;38.579,10
AGRIÃO ;7;283,6;18,44;1,3447;15,38;381.365,00
ALFACE ;33;1.402,90;89,08;1,2652;15,75;1.775.002,50
BETERRABA ;1;154,65;6,21;2,0488;24,9;316.850,50
BROCOLOS ;16;421,6;30,87;2,8166;13,66;1.187.485,00
CEBOLINHA ;18;639,55;55,39;1,7003;11,55;1.087.402,00
CHICÓRIA ;13;431,85;18,39;1,2574;23,48;543.005,00
COUVE ;19;960,46;30,83;1,2518;31,15;1.202.346,50
COUVE FLOR ;1;33,78;1,47;2,0666;22,98;69.809,00
ESPINAFRE ;5;55,5;2,39;1,2713;23,22;70.556,50
JILÓ ;3;344,85;22,07;2,6936;15,63;928.889,50
PIMENTÃO ;1;38,29;2,08;2,3122;18,41;88.536,00
QUIABO ;9;195,12;14,3;5,0957;13,64;994.280,00
REPOLHO ;3;102,2;3,52;1,4891;29,03;152.184,50
RÚCULA ;2;32,16;2,71;1,2977;11,87;41.733,50
SALSA ;18;515,05;21,78;1,6942;23,65;872.615,00
TOTAL Barra Mansas ;152;5.638,35;322,34;1,7293;17,49;9.750.639,60
MUNICIPIO : Comendador Levy Gasparia;;;;;;
AIPIM ;3;77,43;6;1,4364;12,91;111.219,80
BANANA ;3;48,39;6,2;1,689;7,8;81.730,80
TOTAL Comendador Levy Gasparian ;6;125,82;12,2;1,5335;10,31;192.950,60
MUNICIPIO : Engenheiro Paulo de Fronti;;;;;;
ALFACE ;9;63,5;2,6;2,863;24,42;181.800,00
BANANA NANICA ;15;86,5;10,7;1,7526;8,08;151.600,00
BANANA PRATA ;19;160,5;18,35;1,9414;8,75;311.600,00
COUVE ;9;29,5;1,7;3,0644;17,35;90.400,00
LIMÃO ;3;7;0,2;0,9571;35;6.700,00
TOMATE CEREJA ;1;1;0,02;6;50;6.000,00
TOTAL Engenheiro Paulo de Frontin ;56;348;33,57;2,1497;10,37;748.100,00
MUNICIPIO : Mendes;;;;;;
AIPIM ;9;74,25;5,25;2,943;14,14;218.516,00
ALFACE ;8;28,6;1,81;1,279;15,8;36.578,50
BANANA ;5;80,35;12;2,8007;6,7;225.037,50
COUVE ;6;38,1;0,99;5,5493;38,48;211.427,50
TOTAL Mendes ;28;221,3;20,05;3,125;11,04;691.559,50
MUNICIPIO : Miguel Pereira;;;;;;
JILÓ ;2;30,5;1,7;1,6346;17,94;49.854,50
LOURO ;15;16,1;3,95;5;4,08;80.500,00
MARACUJÁ ;5;254,26;16,07;2,838;15,82;721.590,60
PIMENTÃO ;2;109;12,06;1,7247;9,04;187.990,00
TOMATE ;3;386,27;6,7;1,9141;57,65;739.352,30
TOTAL Miguel Pereira ;27;796,13;40,48;2,2349;19,67;1.779.287,40
MUNICIPIO : Paraíba do Sul;;;;;;
ABOBORA ;16;524,4;21,91;1,8608;23,93;975.786,00
AIPIM ;12;37,73;2,86;1,4478;13,19;54.627,30
BANANA PRATA ;12;311,3;28,49;2,0147;10,93;627.183,00
CANA CACHAÇA ;7;1.155,00;16,45;0,4575;70,21;528.360,00
CANA CALDO ;4;92,45;2,26;0,437;40,91;40.400,00
CANA FORRAGEIRA ;12;707,2;8,16;0,4552;86,67;321.912,00
CHUCHU ;3;12,65;0,22;1,1035;57,5;13.959,00
JILÓ ;11;47,9;2,26;1,9008;21,19;91.049,00
MARACUJÁ ;36;396,5;30,47;3,2197;13,01;1.276.593,00
MILHO FORRAGEIRO ;10;2.260,00;53,11;0,5237;42,55;1.183.520,00
PIMENTÃO ;16;138,93;3,05;4,69;45,55;651.585,00
QUIABO ;4;23,64;1,99;2,0398;11,88;48.219,70
TOMATE ;84;4.822,53;61,89;2,4328;77,92;11.732.179,90
TOMATE CEREJA ;9;77,03;0,87;6,2794;88,54;483.698,50
UVA ;1;1,6;1,8;9;0,89;14.400,00
TOTAL Paraíba do Sul ;237;10.608,86;235,79;1,7008;44,99;18.043.472,40
MUNICIPIO : Paraty;;;;;;
AIPIM ;25;459,6;40;4,4977;11,49;2.067.150,00
ALFACE ;4;57,5;4;7,4127;14,38;426.230,00
BANANA ;280;1.439,00;180;5,0651;7,99;7.288.700,00
CANA CACHAÇA ;6;617,5;13,67;0,5;45,17;308.750,00
CEBOLINHA ;3;108,9;8;15,1272;13,61;1.647.350,00
COUVE ;3;153,7;5;7,0606;30,74;1.085.220,00
PALMITO ;100;758;130;20,3478;5,83;15.423.600,00
SALSA ;3;145,2;8;8,043;18,15;1.167.850,00
TOTAL Paraty ;424;3.739,40;388,67;7,8662;9,62;29.414.850,00
MUNICIPIO : Paty do Alferes;;;;;;
ABOBORA ;12;779;39,1;1,6305;19,92;1.270.180,00
ABOBRINHA ;3;43,81;3,8;0,8498;11,53;37.229,70
AIPIM ;17;101,77;8,2;1,1923;12,41;121.341,90
BERINJELA ;3;29,86;1,25;1,5281;23,89;45.628,50
JILÓ ;6;64,05;3,53;1,677;18,14;107.414,50
LOURO ;21;156,87;40,11;4,9177;3,91;771.438,10
MARACUJÁ ;41;634,44;38,3;2,7095;16,57;1.719.018,90
MAXIXE ;3;93,52;7;1,8137;13,36;169.615,70
PEPINO ;12;292,95;6,81;1,0394;43,02;304.479,60
PIMENTÃO ;102;1.807,02;50,3;1,8016;35,92;3.255.573,00
REPOLHO ;99;1.480,79;38;0,7741;38,97;1.146.305,80
TOMATE ;138;5.269,34;89,8;1,8505;58,68;9.750.695,00
TOMATE - CULT.PROTG ;31;70,67;3,11;5,5838;22,72;394.610,00
TOTAL Paty do Alferes ;488;10.824,09;329,31;1,764;32,87;19.093.530,70
MUNICIPIO : Petrópolis;;;;;;
ABOBORA ;14;286;14,35;1,608;19,93;459.900,00
ABOBRINHA ;27;396;23,15;1,4652;17,11;580.210,00
AGRIÃO ;60;260;12,7;1,9577;20,47;509.000,00
AIPIM ;19;193;11,2;1,2702;17,23;245.150,00
ALFACE ;138;1.015,00;52,5;1,4241;19,33;1.445.450,00
BANANA ;31;218,5;18,9;1,7068;11,56;372.925,00
BATATA ;5;31;1,1;1,2645;28,18;39.200,00
BETERRABA ;52;294;9,9;1,2696;29,7;373.260,00
BROCOLOS ;144;610;23,7;1,8648;25,74;1.137.500,00
CEBOLINHA ;53;54;3,5;1,7231;15,43;93.045,00
CENOURA ;74;162;7,05;1,5765;22,98;255.400,00
CHUCHU ;73;1.600,00;51,2;1,1541;31,25;1.846.500,00
COUVE ;98;733;24;2,8172;30,54;2.065.000,00
COUVE FLOR ;32;199;10;2,998;19,9;596.600,00
ESPINAFRE ;60;358;11,2;2,4672;31,96;883.240,00
JILÓ ;41;580;25,5;2,1644;22,75;1.255.350,00
LIMÃO ;11;222,5;19,5;1,7955;11,41;399.500,00
MAXIXE ;12;98;8,8;1,7194;11,14;168.500,00
MILHO VERDE ;17;70,5;12,3;1,7051;5,73;120.210,00
PIMENTÃO ;31;316;14,3;2,5761;22,1;814.060,00
REPOLHO ;29;231;7,2;0,8919;32,08;206.040,00
SALSA ;63;647;22,8;1,7424;28,38;1.127.330,00
TANGERINA PONCÃ ;7;100;4;1,278;25;127.800,00
TOMATE ;31;633;13,9;2,1739;45,54;1.376.080,00
VAGEM ;39;414;20,6;2,9957;20,1;1.240.200,00
TOTAL Petrópolis ;1.161;9.721,50;423,35;1,8246;22,96;17.737.450,00
MUNICIPIO : Pinheiral;;;;;;
ABOBRINHA ;6;15,2;1,29;1,4016;11,78;21.305,00
AIPIM ;6;108,45;6,45;1,4314;16,81;155.230,00
ALFACE ;8;55,56;3,89;2,0597;14,28;114.437,50
BANANA NANICA ;13;423,5;36,3;1,8809;11,67;796.561,00
BANANA PRATA ;13;753,3;108,22;2,4558;6,96;1.849.935,00
COUVE ;8;44;1,45;8,342;30,34;367.050,00
JILÓ ;8;23,6;1,47;2,5952;16,05;61.247,50
QUIABO ;7;24,5;1,8;2,5918;13,61;63.500,00
TOTAL Pinheiral ;69;1.448,11;160,87;2,3681;9;3.429.266,00
MUNICIPIO : Piraí;;;;;;
AIPIM ;5;268,32;17,61;1,3974;15,24;374.952,50
ALFACE ;10;28,05;2,28;1,6314;12,3;45.760,00
BANANA NANICA ;30;1.894,20;239,61;1,7013;7,91;3.222.577,00
BANANA PRATA ;30;801,25;133,08;2,2029;6,02;1.765.062,50
BERINJELA ;4;46,08;2,19;1,9112;21,04;88.066,00
COUVE ;3;46,25;1,61;7,1276;28,73;329.650,00
JILÓ ;10;40,5;2,2;2,3543;18,41;95.350,00
LIMÃO ;4;47,3;2,12;1,9822;22,31;93.760,00
PIMENTÃO ;5;43,1;2,22;2,2589;19,41;97.360,00
TOMATE ;5;135,1;3,12;2,3248;43,3;314.075,00
TOTAL Piraí ;106;3.350,15;406,04;1,9183;8,25;6.426.613,00
MUNICIPIO : Porto Real;;;;;;
ABOBRINHA ;3;60;11;2,5146;5,45;150.875,00
AIPIM ;4;74;10,5;2,2399;7,05;165.750,00
BANANA ;4;73,8;11,5;3,3169;6,42;244.785,00
CANA CACHAÇA ;3;120;3,2;0,305;37,5;36.600,00
CANA FORRAGEIRA ;9;310;9,5;0,2898;32,63;89.850,00
FEIJÃO ;9;4,1;5;3,5159;0,82;14.415,00
MILHO FORRAGEIRO ;7;225;9;0,2667;25;60.000,00
TOMATE ;5;147;10;3,3959;14,7;499.200,00
TOTAL Porto Real ;44;1.013,90;69,7;1,2442;14,55;1.261.475,00
MUNICIPIO : Quatis;;;;;;
ABOBRINHA ;3;36,5;5,5;2,4548;6,64;89.600,00
AIPIM ;3;32;5,5;2,2016;5,82;70.450,00
BANANA ;4;73;12;2,7627;6,08;201.675,00
CANA CACHAÇA ;6;1.175,00;23,15;0,2931;50,76;344.350,00
CANA FORRAGEIRA ;17;1.640,00;36;0,228;45,56;374.000,00
JILÓ ;2;19;2;2,9105;9,5;55.300,00
MILHO FORRAGEIRO ;6;160;8;0,3531;20;56.500,00
PIMENTÃO ;2;12,5;1,5;2,5;8,33;31.250,00
TOMATE ;3;202;11;3,7111;18,36;749.650,00
TOTAL Quatis ;46;3.350,00;104,65;0,5889;32,01;1.972.775,00
MUNICIPIO : Resende;;;;;;
ABOBRINHA ;2;18,85;2,5;1,1374;7,54;21.440,00
ALFACE ;4;173,55;12,65;2,122;13,72;368.269,00
BROCOLOS ;1;59,42;3,25;1,9769;18,28;117.466,00
CANA CACHAÇA ;4;639,5;11;0,2255;58,14;144.215,00
CANA FORRAGEIRA ;132;3.773,10;71;0,26;53,14;981.006,00
CEBOLINHA ;4;24,85;3,3;2,1354;7,53;53.064,50
CHICÓRIA ;4;91,98;3,95;2,077;23,29;191.039,00
COUVE ;4;176,15;6,7;2,0329;26,29;358.095,00
JILÓ ;3;13,95;1,25;2,3324;11,16;32.537,50
MILHO FORRAGEIRO ;10;2.657,00;58;0,1762;45,81;468.150,00
PIMENTÃO ;3;18,75;1,65;1,7803;11,36;33.380,00
QUIABO ;6;28,25;1,95;2,3402;14,49;66.110,00
SALSA ;3;56,25;2,55;1,2704;22,06;71.460,00
TOTAL Resende ;180;7.731,60;179,75;0,3759;43,01;2.906.232,00
MUNICIPIO : Rio Claro;;;;;;
ABOBORA ;3;77,05;3,5;0,9914;22,01;76.388,00
ABOBRINHA ;4;55,43;4,5;0,9654;12,32;53.514,50
AGRIÃO ;2;65,97;3,2;2,361;20,62;155.755,00
ALFACE ;5;152,21;8,5;2,1369;17,91;325.256,50
BANANA NANICA ;8;1.484,73;108,7;2,0034;13,66;2.974.494,50
BANANA PRATA ;14;591,45;136,9;1,8593;4,32;1.099.666,00
BERINJELA ;3;71,42;4,6;0,9213;15,53;65.799,50
BETERRABA ;2;129,56;6,3;0,6273;20,57;81.269,00
BROCOLOS ;2;47,3;3;2,8527;15,77;134.931,50
CANA FORRAGEIRA ;60;1.003,26;22;0,55;45,6;551.793,00
CEBOLINHA ;3;79,3;7,5;1,6693;10,57;132.378,50
CHICÓRIA ;2;87,91;3,8;1,422;23,13;125.011,50
CHUCHU ;1;192,21;8;0,6095;24,03;117.147,00
COUVE ;3;659,08;18,4;6,3104;35,82;4.159.065,00
COUVE FLOR ;1;87,67;3,5;2,5032;25,05;219.455,00
FEIJÃO ;25;64,65;40;5,849;1,62;378.140,00
INHAME ;2;13,02;0,9;2,1466;14,47;27.949,00
JILÓ ;3;104,8;7,1;0,9471;14,76;99.254,00
MANDIOCA ;3;225,31;18,7;1,9485;12,05;439.023,50
MILHO ;14;81,44;35,5;0,8775;2,29;71.461,00
MILHO VERDE ;10;247,55;33;0,9866;7,5;244.235,00
PALMITO ;1;8,3;2,8;5,6988;2,96;47.300,00
PEPINO ;1;137;4;1,5987;34,25;219.016,00
PIMENTÃO ;2;131,04;6,2;2,4558;21,14;321.813,90
QUIABO ;6;141;11,8;2,2061;11,95;311.054,00
REPOLHO ;1;88,6;3,4;2,3043;26,06;204.165,00
SALSA ;3;158,26;7,85;3,2096;20,16;507.949,00
TANGERINA ;2;17,12;1;1,8186;17,12;31.134,00
TANGERINA PONCÃ ;2;24,45;1,3;1,5685;18,81;38.350,00
TOMATE ;1;851,44;15,6;4,1373;54,58;3.522.677,00
VAGEM ;2;83,02;4,6;1,952;18,05;162.058,00
TOTAL Rio Claro ;191;7.161,55;536,15;2,3595;13,36;16.897.503,90
MUNICIPIO : Rio das Flores;;;;;;
ABOBORA ;2;29,8;2,7;1,2773;11,04;38.064,00
BANANA ;4;18,15;1,4;1,7076;12,96;30.992,50
BANANA PRATA ;4;7,5;1,2;1,722;6,25;12.915,00
CANA CACHAÇA ;4;295;4;0,12;73,75;35.400,00
CANA FORRAGEIRA ;27;920;13,2;0,1;69,7;92.000,00
FEIJÃO ;33;23,5;19,75;3,5226;1,19;82.780,00
MILHO FORRAGEIRO ;17;2.881,00;64,5;0,1731;44,67;498.780,00
TANGERINA PONCÃ ;1;73;4;1,4925;18,25;108.950,00
TOTAL Rio das Flores ;92;4.247,95;110,75;0,2118;38,36;899.881,50
MUNICIPIO : São José do Vale do Rio Pre;;;;;;
ABOBRINHA ;296;2.175,00;145;0,5968;15;1.298.100,00
AIPIM ;46;216;12;0,6204;18;134.010,00
ALFACE ;94;800;32;1,1755;25;940.375,00
BANANA PRATA ;12;150;12;1,2007;12,5;180.110,00
BERINJELA ;231;2.660,00;95;0,6909;28;1.837.920,00
CAFÉ ;11;1.381,50;614;5,8813;2,25;8.124.975,00
CAQUI ;10;6.150,00;205;0,5177;30;3.183.600,00
CENOURA ;79;525;21;1,4086;25;739.500,00
CHUCHU ;920;72.900,00;920;0,4942;79,24;36.028.000,00
COUVE FLOR ;375;3.800,00;190;1,0946;20;4.159.400,00
ERVILHA ;41;77;11;4,5591;7;351.050,00
JILÓ ;197;1.825,00;73;1,0978;25;2.003.500,00
MARACUJÁ ;24;220;11;1,8364;20;404.000,00
MAXIXE ;84;324;27;0,9396;12;304.440,00
PEPINO ;238;5.675,00;113,5;0,4974;50;2.823.000,00
PIMENTÃO ;221;1.500,00;75;0,9631;20;1.444.600,00
REPOLHO ;59;1.110,00;18,5;0,773;60;858.000,00
TANGERINA PONCÃ ;87;7.800,00;260;0,751;30;5.857.500,00
TOMATE ;318;7.560,00;126;1,3781;60;10.418.400,00
UVA ;1;8;1,25;7;6,4;56.000,00
VAGEM ;411;3.972,00;219;1,4302;18,14;5.680.620,00
TOTAL São José do Vale do Rio Preto ;3.755;120.828,50;3.181,25;0,7186;37,98;86.827.100,00
MUNICIPIO : Sapucaia;;;;;;
ABOBORA ;35;630;35;0,6457;18;406.800,00
ABOBRINHA ;39;624;39;0,8897;16;555.200,00
ALFACE ;35;735;35;0,39;21;286.650,00
BERINJELA ;40;1.040,00;40;0,83;26;863.200,00
CENOURA ;38;836;38;0,8684;22;726.000,00
CHUCHU ;42;2.184,00;42;0,9024;52;1.970.800,00
COUVE FLOR ;36;1.260,00;36;0,7972;35;1.004.500,00
FEIJÃO ;20;20;20;2;1;40.000,00
JILÓ ;40;1.000,00;40;1,2325;25;1.232.500,00
MARACUJÁ ;10;160;20;1,5;8;240.000,00
MILHO ;30;144;60;1;2,4;144.000,00
MORANGO ;2;20;2;4,25;10;85.000,00
PEPINO ;34;1.428,00;34;0,9515;42;1.358.700,00
PIMENTÃO ;41;1.148,00;41;0,9829;28;1.128.400,00
REPOLHO ;41;2.378,00;41;1,0207;58;2.427.300,00
TANGERINA PONCÃ ;70;2.240,00;140;2,1143;16;4.736.000,00
TOMATE ;49;2.940,00;49;1,4429;60;4.242.000,00
VAGEM ;37;592;37;1,4432;16;854.400,00
TOTAL Sapucaia ;639;19.379,00;749;1,1508;25,87;22.301.450,00
MUNICIPIO : Três Rios;;;;;;
AIPIM ;3;69,67;5,5;1,4871;12,67;103.609,10
ALFACE ;1;50,55;3,18;1,9692;15,9;99.542,20
BANANA ;4;41,82;4,6;1,7319;9,09;72.427,40
BROCOLOS ;1;6,02;0,5;2,8687;12,04;17.269,60
COCO VERDE ;1;39,77;3;1,7322;13,26;68.890,80
TANGERINA PONCÃ ;2;36,18;2;1,2;18,09;43.416,00
TOTAL Três Rios ;12;244,01;18,78;1,6604;12,99;405.155,10
MUNICIPIO : Valença;;;;;;
AIPIM ;17;640,25;49,4;2,3307;12,96;1.492.214,00
ALFACE ;23;228,34;23,47;5,4112;9,73;1.235.596,00
BANANA ;23;509,65;92,04;3,3006;5,54;1.682.166,00
CANA CACHAÇA ;18;7.673,90;130;0,4098;59,03;3.144.669,80
CANA FORRAGEIRA ;22;2.946,50;48,8;0,2219;60,38;653.819,30
CAQUI ;2;12,1;0,6;3,6157;20,17;43.750,00
COUVE ;29;1.154,45;27,74;4,9441;41,62;5.707.710,50
COUVE FLOR ;11;157,77;4,76;5,1451;33,14;811.735,00
FEIJÃO ;24;13,88;13,1;5,5628;1,06;77.211,00
JILÓ ;6;65,28;2,82;2,5473;23,15;166.290,00
PALMITO ;6;37,55;8,5;17,7606;4,42;666.910,00
PIMENTA ;16;77,83;34,31;5,5099;2,27;428.837,00
TOMATE ;6;922,12;12,85;3,7469;71,76;3.455.068,00
TOTAL Valença ;203;14.439,62;448,39;1,355;32,2;19.565.976,60
MUNICIPIO : Vassouras;;;;;;
ABOBORA ;15;343,8;16,65;1,0241;20,65;352.100,00
ABOBRINHA ;9;60,1;2,9;1,4534;20,72;87.350,00
ALFACE ;13;120;4,35;3,03;27,59;363.600,00
BANANA NANICA ;7;40,1;3,6;2,2057;11,14;88.450,00
BANANA PRATA ;14;99;9,65;2,2616;10,26;223.900,00
BERINJELA ;6;53,4;2,2;1,823;24,27;97.350,00
COUVE ;12;73,5;3,35;2,6789;21,94;196.900,00
JILÓ ;16;187;6,55;1,9043;28,55;356.100,00
MARACUJÁ ;10;157,5;7,25;2,7492;21,72;433.000,00
PALMITO ;2;69,5;12,3;12,0899;5,65;840.250,00
PEPINO ;2;57;1,5;1,4351;38;81.800,00
PIMENTÃO ;12;174,5;4,65;1,8464;37,53;322.200,00
REPOLHO ;12;306;6,6;1,4356;46,36;439.300,00
TOMATE ;66;4.235,00;72,1;2,7551;58,74;11.668.000,00
TOMATE CEREJA ;10;167,5;2,13;6,6284;78,64;1.110.250,00
TOMATE - CULT.PROTG ;3;16,4;0,6;3;27,33;49.200,00
TOTAL Vassouras ;209;6.160,30;156,38;2,7125;39,39;16.709.750,00
MUNICIPIO : Volta Redonda;;;;;;
AGRIÃO ;17;139,4;7,9;2,7842;17,65;388.120,00
ALFACE ;23;286,7;15,8;3,1233;18,15;895.440,00
BROCOLOS ;10;124;6,7;3,4806;18,51;431.600,00
CEBOLINHA ;20;135;9,1;4,5519;14,84;614.500,00
CHICÓRIA ;13;138,6;7,7;3,0036;18;416.300,00
COENTRO ;15;30,9;2,75;4,6411;11,24;143.410,00
COUVE ;20;354,5;11,5;2,7566;30,83;977.200,00
JILÓ ;6;65,3;3,4;2,2737;19,21;148.470,00
QUIABO ;12;90,7;8,6;2,208;10,55;200.270,00
RÚCULA ;15;39,3;4,9;4,4193;8,02;173.680,00
SALSA ;10;135;9,1;4,6259;14,84;624.500,00
TOTAL Volta Redonda ;161;1.539,40;87,45;3,2568;17,6;5.013.490,00
TOTAL SUL ;8.640;240.443,59;8.331,15;1,2398;28,86;298.100.906,00
TOTAL ESTADO ;53.492;3.987.005,54;139.060,52;0,5315;28,67;2.119.056.239,10
FONTE: Acompanhamento Sistemático da Produção Agrícola-ASPA,Estado do Rio de Janeiro,2019-SISTEMA AGROGEO;;;;;;
Empresade Assistência Técnica e Extensão Rural do Estado do Rio de Janeiro-EMATER-RIO/CPLAN/NIDOC;;;;;;
;;;;;;
RESUMO - REGIÕES DO ESTADO DO SISTEMA ASPA/AGROGEO - ANO 2019;;;;;;
RIO DE JANEIRO ;;;;;;
;;;;;;
REGIÕES;Nº  PRODUTORES;PRODUÇÃO COLHIDA (t);ÁREA COLHIDA (ha);PREÇO   (R$/KG);PRODUTIVIDADE    (t/ha);FATURAMENTO BRUTO(R$)
CENTRO;10.951;738.671,78;33.734,08;1,65;16;487.285.465,80
NOROESTE;7.427;208.217,63;16.771,70;0,8592;10,92;217.379.972,50
NORTE;6.655;2.287.698,06;60.306,42;0,9725;18;359.332.514,30
SERRANA;19.819;511.974,48;19.917,17;3,5;7,7;756.957.380,50
SUL;8.640;240.443,59;8.331,15;1,2398;28,86;298.100.906,00
TOTAL ESTADO ;53.492;3.987.005,54;139.060,52;0,5315;28,67;2.119.056.239,10
FONTE: Acompanhamento Sistemático da Produção Agrícola-ASPA,Estado do Rio de Janeiro,2019-SISTEMA AGROGEO;;;;;;
Empresade Assistência Técnica e Extensão Rural do Estado do Rio de Janeiro-EMATER-RIO/CPLAN/NIDOC;;;;;;
;;;;;;
RESUMOS - MUNICÍPIOS DO SISTEMA ASPA/AGROGEO - ANO 2019;;;;;;
ESTADO DO RIO DE JANEIRO ;;;;;;
;;;;;;
ORDEM ALFABÉTICA ;;;;;;
MUNICÍPIOS;Nº PRODUTORES ;PRODUÇÃO COLHIDA (t);ÁREA COLHIDA  (ha)  ;PREÇO (R$/KG);PRODUTIVIDADE (t/ha);FATURAMENTO BRUTO (R$)
Angra dos Reis ;261;1.905,00;200;7,4702;9,53;14.230.750,00
Aperibé ;179;2.364,00;159,5;1,815;14,82;4.290.600,00
Araruama ;479;262.653,15;6.300,45;0,2762;41,69;72.549.292,50
Areal ;10;189,65;15,77;1,4024;12,03;265.972,70
Armação dos Búzios ;76;188,51;17,91;2,5411;10,53;479.026,00
Barra do Pirai ;83;5.431,40;100,46;0,2827;54,07;1.535.675,00
Barra Mansas ;152;5.638,35;322,34;1,7293;17,49;9.750.639,60
Bom Jardim ;4.428;58.966,10;3.126,50;1,1429;18,86;67.390.450,00
Bom Jesus do Itabapoana ;429;3.123,52;966,19;2,7265;3,23;8.516.198,00
Cabo Frio ;114;118.340,10;3.037,90;0,0797;38,95;9.426.275,00
Cachoeiras de Macacu ;1.893;48.397,90;3.352,50;1,1327;14,44;54.821.330,00
Cambuci ;552;29.121,70;809;2,186;36;63.659.250,00
Campos dos Goytacases ;2.415;1.362.368,00;31.211,30;0,0788;43,65;107.338.520,00
Cantagalo ;37;264,55;22,89;1,4291;11,56;378.067,50
Carapebus ;58;804,7;67,5;0,3577;11,92;287.825,00
Cardoso Moreira ;146;8.065,73;210,95;0,105;38,24;846.841,00
Carmo ;431;26.988,51;578,1;0,243;46,68;6.559.081,50
Casimiro de Abreu ;330;5.414,44;458,7;1,3979;11,8;7.569.010,00
Comendador Levy Gasparian ;6;125,82;12,2;1,5335;10,31;192.950,60
Conceição de Macabu ;60;270,4;27,68;2,0308;9,77;549.140,00
Cordeiro ;54;4.704,00;146,05;1,2498;32,21;5.879.200,00
Duas Barras ;1.266;27.604,96;1.201,24;0,9844;22,98;27.174.478,00
Duque de Caxias ;139;12.160,46;787,53;1,8318;15,44;22.276.027,00
Engenheiro Paulo de Frontin ;56;348;33,57;2,1497;10,37;748.100,00
Guapimirim ;215;9.800,20;931,9;1,1837;10,52;11.600.930,00
Iguaba Grande ;74;475,8;59,5;2,0143;8;958.410,00
Itaboraí ;201;4.650,95;371,86;1,2533;12,51;5.829.165,00
Itaguaí ;147;5.930,00;543;1,3929;10,92;8.260.100,00
Italva ;648;24.189,50;641,75;0,5167;37,69;12.499.111,50
Itaocara ;728;12.877,50;548;0,9783;23,5;12.597.770,00
Itaperuna ;340;5.925,80;319,6;1,176;18,54;6.968.920,00
Japeri ;833;8.216,00;697,7;1,5056;11,78;12.369.820,00
Laje do Muriae ;16;121,4;8,5;1,9555;14,28;237.400,00
Macaé ;190;7.380,11;1.083,19;0,8741;6,81;6.450.881,00
Macuco ;52;1.555,05;44,25;0,3782;35,14;588.050,00
Magé ;747;12.480,65;1.096,05;1,9938;11,39;24.883.917,50
Mangaratiba ;387;21.742,00;2.958,00;1,5543;7,35;33.793.100,00
Maricá ;68;409,79;59,46;0,8435;6,89;345.677,50
Mendes ;28;221,3;20,05;3,125;11,04;691.559,50
Miguel Pereira ;27;796,13;40,48;2,2349;19,67;1.779.287,40
Miracema ;348;19.708,44;384,46;0,3359;51,26;6.620.697,50
Natividade ;279;13.929,38;344,09;0,2134;40,48;2.972.388,00
Niterói ;21;307,4;16,2;1,4509;18,98;445.997,00
Nova Friburgo ;2.808;66.088,75;2.341,28;2,1383;28,23;141.314.641,00
Nova Iguaçu ;863;5.373,00;558,95;1,4575;9,61;7.830.920,00
Paracambi ;119;1.118,60;118,5;2,5676;9,44;2.872.100,00
Paraíba do Sul ;237;10.608,86;235,79;1,7008;44,99;18.043.472,40
Paraty ;424;3.739,40;388,67;7,8662;9,62;29.414.850,00
Paty do Alferes ;488;10.824,09;329,31;1,764;32,87;19.093.530,70
Petrópolis ;1.161;9.721,50;423,35;1,8246;22,96;17.737.450,00
Pinheiral ;69;1.448,11;160,87;2,3681;9;3.429.266,00
Piraí ;106;3.350,15;406,04;1,9183;8,25;6.426.613,00
Porciúncula ;1.351;58.190,10;6.185,90;0,6652;9,89;38.705.855,00
Porto Real ;44;1.013,90;69,7;1,2442;14,55;1.261.475,00
Quatis ;46;3.350,00;104,65;0,5889;32,01;1.972.775,00
Queimados ;213;1.991,56;133,33;1,3364;14,94;2.661.510,40
Quissamã ;156;56.805,45;1.721,49;0,3375;33;19.172.130,00
Resende ;180;7.731,60;179,75;0,3759;43,01;2.906.232,00
Rio Bonito ;678;45.680,50;2.747,00;1,3969;16,63;63.811.050,00
Rio Claro ;191;7.161,55;536,15;2,3595;13,36;16.897.503,90
Rio das Flores ;92;4.247,95;110,75;0,2118;38,36;899.881,50
Rio das Ostras ;72;373,6;78,9;1,7493;4,74;653.524,50
Rio de Janeiro ;1.042;46.744,88;2.855,47;1,0365;16,37;48.451.762,20
Santa Maria Madalena ;135;12.805,07;891,95;1,3058;14,36;16.720.909,90
Santo Antônio de Pádua ;250;4.060,60;194;2,2196;20,93;9.012.920,00
São Fidélis ;735;10.327,47;454,91;0,5934;22,7;6.127.842,80
São Francisco de Itabapoana ;2.107;822.821,50;24.678,80;0,2362;33,34;194.357.950,00
São Gonçalo ;340;5.789,58;300,82;1,4142;19,25;8.187.675,00
São João da Barra ;716;18.481,10;771,7;1,2742;23,95;23.547.860,00
São José de Ubá ;604;26.412,70;531,1;0,8485;49,73;22.409.900,00
São José do Vale do Rio Preto ;3.755;120.828,50;3.181,25;0,7186;37,98;86.827.100,00
São Pedro da Aldeia ;175;56.946,66;889,67;0,1276;64,01;7.264.029,20
São Sebastião do Alto ;570;18.656,00;530;1,6792;35,2;31.327.440,00
Sapucaia ;639;19.379,00;749;1,1508;25,87;22.301.450,00
Saquarema ;351;5.760,90;755,5;1,4055;7,63;8.097.100,00
Seropédica ;527;13.236,70;1.302,55;1,713;10,16;22.674.690,00
Silva Jardim ;384;19.422,00;1.620,00;0,7963;11,99;15.465.050,00
Sumidouro ;4.015;101.578,24;3.743,00;1,8801;27,14;190.980.904,60
Tanguá ;535;25.440,05;1.763,63;1,3507;14,42;34.361.501,50
Teresópolis ;5.133;174.505,79;6.269,37;1,3554;27,83;236.530.276,00
Trajano de Morais ;890;18.257,46;1.022,54;1,7589;17,86;32.113.882,00
Três Rios ;12;244,01;18,78;1,6604;12,99;405.155,10
Valença ;203;14.439,62;448,39;1,355;32,2;19.565.976,60
Varre-Sai ;1.703;8.192,99;5.679,61;3,5261;1,44;28.888.962,50
Vassouras ;209;6.160,30;156,38;2,7125;39,39;16.709.750,00
Volta Redonda ;161;1.539,40;87,45;3,2568;17,6;5.013.490,00
ESTADO ;53.492;3.987.005,54;139.060,52;0,5315;28,67;2.119.056.239,10
FONTE: Acompanhamento Sistemático da Produção Agrícola-ASPA,Estado do Rio de Janeiro,2019-SISTEMA AGROGEO;;;;;;
Empresade Assistência Técnica e Extensão Rural do Estado do Rio de Janeiro-EMATER-RIO/CPLAN/NIDOC;;;;;;
;;;;;;
ORDEM Decrescente de Produção Colhida;;;;;;
MUNICÍPIOS;Nº PRODUTORES ;PRODUÇÃO COLHIDA               (t);ÁREA COLHIDA  (ha)  ;PREÇO (R$/KG);PRODUTIVIDADE (t/ha);FATURAMENTO BRUTO (R$)
Campos dos Goytacases ;2.415;1.362.368,00;31.211,30;0,0788;43,65;107.338.520,00
São Francisco de Itabapoana ;2.107;822.821,50;24.678,80;0,2362;33,34;194.357.950,00
Araruama ;479;262.653,15;6.300,45;0,2762;41,69;72.549.292,50
Teresópolis ;5.133;174.505,79;6.269,37;1,3554;27,83;236.530.276,00
São José do Vale do Rio Preto ;3.755;120.828,50;3.181,25;0,7186;37,98;86.827.100,00
Cabo Frio ;114;118.340,10;3.037,90;0,0797;38,95;9.426.275,00
Sumidouro ;4.015;101.578,24;3.743,00;1,8801;27,14;190.980.904,60
Nova Friburgo ;2.808;66.088,75;2.341,28;2,1383;28,23;141.314.641,00
Porciúncula ;1.351;58.190,10;6.185,90;0,6652;9,89;38.705.855,00
Bom Jardim ;4.428;58.966,10;3.126,50;1,1429;18,86;67.390.450,00
São Pedro da Aldeia ;175;56.946,66;889,67;0,1276;64,01;7.264.029,20
Quissamã ;156;56.805,45;1.721,49;0,3375;33;19.172.130,00
Cachoeiras de Macacu ;1.893;48.397,90;3.352,50;1,1327;14,44;54.821.330,00
Rio de Janeiro ;1.042;46.744,88;2.855,47;1,0365;16,37;48.451.762,20
Rio Bonito ;678;45.680,50;2.747,00;1,3969;16,63;63.811.050,00
Cambuci ;552;29.121,70;809;2,186;36;63.659.250,00
Duas Barras ;1.266;27.604,96;1.201,24;0,9844;22,98;27.174.478,00
Carmo ;431;26.988,51;578,1;0,243;46,68;6.559.081,50
São José de Ubá ;604;26.412,70;531,1;0,8485;49,73;22.409.900,00
Tanguá ;535;25.440,05;1.763,63;1,3507;14,42;34.361.501,50
Italva ;648;24.189,50;641,75;0,5167;37,69;12.499.111,50
Mangaratiba ;387;21.742,00;2.958,00;1,5543;7,35;33.793.100,00
Miracema ;348;19.708,44;384,46;0,3359;51,26;6.620.697,50
Silva Jardim ;384;19.422,00;1.620,00;0,7963;11,99;15.465.050,00
Sapucaia ;639;19.379,00;749;1,1508;25,87;22.301.450,00
São Sebastião do Alto ;570;18.656,00;530;1,6792;35,2;31.327.440,00
São João da Barra ;716;18.481,10;771,7;1,2742;23,95;23.547.860,00
Trajano de Morais ;890;18.257,46;1.022,54;1,7589;17,86;32.113.882,00
Valença ;203;14.439,62;448,39;1,355;32,2;19.565.976,60
Natividade ;279;13.929,38;344,09;0,2134;40,48;2.972.388,00
Seropédica ;527;13.236,70;1.302,55;1,713;10,16;22.674.690,00
Itaocara ;728;12.877,50;548;0,9783;23,5;12.597.770,00
Santa Maria Madalena ;135;12.805,07;891,95;1,3058;14,36;16.720.909,90
Magé ;747;12.480,65;1.096,05;1,9938;11,39;24.883.917,50
Duque de Caxias ;139;12.160,46;787,53;1,8318;15,44;22.276.027,00
Paty do Alferes ;488;10.824,09;329,31;1,764;32,87;19.093.530,70
Paraíba do Sul ;237;10.608,86;235,79;1,7008;44,99;18.043.472,40
São Fidélis ;735;10.327,47;454,91;0,5934;22,7;6.127.842,80
Guapimirim ;215;9.800,20;931,9;1,1837;10,52;11.600.930,00
Petrópolis ;1.161;9.721,50;423,35;1,8246;22,96;17.737.450,00
Japeri ;833;8.216,00;697,7;1,5056;11,78;12.369.820,00
Varre-Sai ;1.703;8.192,99;5.679,61;3,5261;1,44;28.888.962,50
Cardoso Moreira ;146;8.065,73;210,95;0,105;38,24;846.841,00
Resende ;180;7.731,60;179,75;0,3759;43,01;2.906.232,00
Macaé ;190;7.380,11;1.083,19;0,8741;6,81;6.450.881,00
Rio Claro ;191;7.161,55;536,15;2,3595;13,36;16.897.503,90
Vassouras ;209;6.160,30;156,38;2,7125;39,39;16.709.750,00
Itaguaí ;147;5.930,00;543;1,3929;10,92;8.260.100,00
Itaperuna ;340;5.925,80;319,6;1,176;18,54;6.968.920,00
São Gonçalo ;340;5.789,58;300,82;1,4142;19,25;8.187.675,00
Saquarema ;351;5.760,90;755,5;1,4055;7,63;8.097.100,00
Barra Mansas ;152;5.638,35;322,34;1,7293;17,49;9.750.639,60
Barra do Pirai ;83;5.431,40;100,46;0,2827;54,07;1.535.675,00
Casimiro de Abreu ;330;5.414,44;458,7;1,3979;11,8;7.569.010,00
Nova Iguaçu ;863;5.373,00;558,95;1,4575;9,61;7.830.920,00
Cordeiro ;54;4.704,00;146,05;1,2498;32,21;5.879.200,00
Itaboraí ;201;4.650,95;371,86;1,2533;12,51;5.829.165,00
Rio das Flores ;92;4.247,95;110,75;0,2118;38,36;899.881,50
Santo Antônio de Pádua ;250;4.060,60;194;2,2196;20,93;9.012.920,00
Paraty ;424;3.739,40;388,67;7,8662;9,62;29.414.850,00
Piraí ;106;3.350,15;406,04;1,9183;8,25;6.426.613,00
Quatis ;46;3.350,00;104,65;0,5889;32,01;1.972.775,00
Bom Jesus do Itabapoana ;429;3.123,52;966,19;2,7265;3,23;8.516.198,00
Aperibé ;179;2.364,00;159,5;1,815;14,82;4.290.600,00
Queimados ;213;1.991,56;133,33;1,3364;14,94;2.661.510,40
Angra dos Reis ;261;1.905,00;200;7,4702;9,53;14.230.750,00
Macuco ;52;1.555,05;44,25;0,3782;35,14;588.050,00
Volta Redonda ;161;1.539,40;87,45;3,2568;17,6;5.013.490,00
Pinheiral ;69;1.448,11;160,87;2,3681;9;3.429.266,00
Paracambi ;119;1.118,60;118,5;2,5676;9,44;2.872.100,00
Porto Real ;44;1.013,90;69,7;1,2442;14,55;1.261.475,00
Carapebus ;58;804,7;67,5;0,3577;11,92;287.825,00
Miguel Pereira ;27;796,13;40,48;2,2349;19,67;1.779.287,40
Iguaba Grande ;74;475,8;59,5;2,0143;8;958.410,00
Maricá ;68;409,79;59,46;0,8435;6,89;345.677,50
Rio das Ostras ;72;373,6;78,9;1,7493;4,74;653.524,50
Engenheiro Paulo de Frontin ;56;348;33,57;2,1497;10,37;748.100,00
Niterói ;21;307,4;16,2;1,4509;18,98;445.997,00
Conceição de Macabu ;60;270,4;27,68;2,0308;9,77;549.140,00
Cantagalo ;37;264,55;22,89;1,4291;11,56;378.067,50
Três Rios ;12;244,01;18,78;1,6604;12,99;405.155,10
Mendes ;28;221,3;20,05;3,125;11,04;691.559,50
Areal ;10;189,65;15,77;1,4024;12,03;265.972,70
Armação dos Búzios ;76;188,51;17,91;2,5411;10,53;479.026,00
Comendador Levy Gasparian ;6;125,82;12,2;1,5335;10,31;192.950,60
Laje do Muriae ;16;121,4;8,5;1,9555;14,28;237.400,00
ESTADO ;53.492;3.987.005,54;139.060,52;0,5315;28,67;2.119.056.239,10
FONTE: Acompanhamento Sistemático da Produção Agrícola-ASPA,Estado do Rio de Janeiro,2019-SISTEMA AGROGEO;;;;;;
Empresade Assistência Técnica e Extensão Rural do Estado do Rio de Janeiro-EMATER-RIO/CPLAN/NIDOC;;;;;;
;;;;;;
ORDEM Decrescente de ÁREA Colhida;;;;;;
MUNICÍPIOS;Nº PRODUTORES ;PRODUÇÃO COLHIDA               (t);ÁREA COLHIDA  (ha)  ;PREÇO (R$/KG);PRODUTIVIDADE (t/ha);FATURAMENTO BRUTO (R$)
Campos dos Goytacases ;2.415;1.362.368,00;31.211,30;0,0788;43,65;107.338.520,00
São Francisco de Itabapoana ;2.107;822.821,50;24.678,80;0,2362;33,34;194.357.950,00
Araruama ;479;262.653,15;6.300,45;0,2762;41,69;72.549.292,50
Teresópolis ;5.133;174.505,79;6.269,37;1,3554;27,83;236.530.276,00
Porciúncula ;1.351;58.190,10;6.185,90;0,6652;9,89;38.705.855,00
Varre-Sai ;1.703;8.192,99;5.679,61;3,5261;1,44;28.888.962,50
Sumidouro ;4.015;101.578,24;3.743,00;1,8801;27,14;190.980.904,60
Cachoeiras de Macacu ;1.893;48.397,90;3.352,50;1,1327;14,44;54.821.330,00
São José do Vale do Rio Preto ;3.755;120.828,50;3.181,25;0,7186;37,98;86.827.100,00
Bom Jardim ;4.428;58.966,10;3.126,50;1,1429;18,86;67.390.450,00
Cabo Frio ;114;118.340,10;3.037,90;0,0797;38,95;9.426.275,00
Mangaratiba ;387;21.742,00;2.958,00;1,5543;7,35;33.793.100,00
Rio de Janeiro ;1.042;46.744,88;2.855,47;1,0365;16,37;48.451.762,20
Rio Bonito ;678;45.680,50;2.747,00;1,3969;16,63;63.811.050,00
Nova Friburgo ;2.808;66.088,75;2.341,28;2,1383;28,23;141.314.641,00
Tanguá ;535;25.440,05;1.763,63;1,3507;14,42;34.361.501,50
Quissamã ;156;56.805,45;1.721,49;0,3375;33;19.172.130,00
Silva Jardim ;384;19.422,00;1.620,00;0,7963;11,99;15.465.050,00
Seropédica ;527;13.236,70;1.302,55;1,713;10,16;22.674.690,00
Duas Barras ;1.266;27.604,96;1.201,24;0,9844;22,98;27.174.478,00
Magé ;747;12.480,65;1.096,05;1,9938;11,39;24.883.917,50
Macaé ;190;7.380,11;1.083,19;0,8741;6,81;6.450.881,00
Trajano de Morais ;890;18.257,46;1.022,54;1,7589;17,86;32.113.882,00
Bom Jesus do Itabapoana ;429;3.123,52;966,19;2,7265;3,23;8.516.198,00
Guapimirim ;215;9.800,20;931,9;1,1837;10,52;11.600.930,00
Santa Maria Madalena ;135;12.805,07;891,95;1,3058;14,36;16.720.909,90
São Pedro da Aldeia ;175;56.946,66;889,67;0,1276;64,01;7.264.029,20
Cambuci ;552;29.121,70;809;2,186;36;63.659.250,00
Duque de Caxias ;139;12.160,46;787,53;1,8318;15,44;22.276.027,00
São João da Barra ;716;18.481,10;771,7;1,2742;23,95;23.547.860,00
Saquarema ;351;5.760,90;755,5;1,4055;7,63;8.097.100,00
Sapucaia ;639;19.379,00;749;1,1508;25,87;22.301.450,00
Japeri ;833;8.216,00;697,7;1,5056;11,78;12.369.820,00
Italva ;648;24.189,50;641,75;0,5167;37,69;12.499.111,50
Carmo ;431;26.988,51;578,1;0,243;46,68;6.559.081,50
Nova Iguaçu ;863;5.373,00;558,95;1,4575;9,61;7.830.920,00
Itaocara ;728;12.877,50;548;0,9783;23,5;12.597.770,00
Itaguaí ;147;5.930,00;543;1,3929;10,92;8.260.100,00
Rio Claro ;191;7.161,55;536,15;2,3595;13,36;16.897.503,90
São José de Ubá ;604;26.412,70;531,1;0,8485;49,73;22.409.900,00
São Sebastião do Alto ;570;18.656,00;530;1,6792;35,2;31.327.440,00
Casimiro de Abreu ;330;5.414,44;458,7;1,3979;11,8;7.569.010,00
São Fidélis ;735;10.327,47;454,91;0,5934;22,7;6.127.842,80
Valença ;203;14.439,62;448,39;1,355;32,2;19.565.976,60
Petrópolis ;1.161;9.721,50;423,35;1,8246;22,96;17.737.450,00
Piraí ;106;3.350,15;406,04;1,9183;8,25;6.426.613,00
Paraty ;424;3.739,40;388,67;7,8662;9,62;29.414.850,00
Miracema ;348;19.708,44;384,46;0,3359;51,26;6.620.697,50
Itaboraí ;201;4.650,95;371,86;1,2533;12,51;5.829.165,00
Natividade ;279;13.929,38;344,09;0,2134;40,48;2.972.388,00
Paty do Alferes ;488;10.824,09;329,31;1,764;32,87;19.093.530,70
Barra Mansas ;152;5.638,35;322,34;1,7293;17,49;9.750.639,60
Itaperuna ;340;5.925,80;319,6;1,176;18,54;6.968.920,00
São Gonçalo ;340;5.789,58;300,82;1,4142;19,25;8.187.675,00
Paraíba do Sul ;237;10.608,86;235,79;1,7008;44,99;18.043.472,40
Cardoso Moreira ;146;8.065,73;210,95;0,105;38,24;846.841,00
Angra dos Reis ;261;1.905,00;200;7,4702;9,53;14.230.750,00
Santo Antônio de Pádua ;250;4.060,60;194;2,2196;20,93;9.012.920,00
Resende ;180;7.731,60;179,75;0,3759;43,01;2.906.232,00
Pinheiral ;69;1.448,11;160,87;2,3681;9;3.429.266,00
Aperibé ;179;2.364,00;159,5;1,815;14,82;4.290.600,00
Vassouras ;209;6.160,30;156,38;2,7125;39,39;16.709.750,00
Cordeiro ;54;4.704,00;146,05;1,2498;32,21;5.879.200,00
Queimados ;213;1.991,56;133,33;1,3364;14,94;2.661.510,40
Paracambi ;119;1.118,60;118,5;2,5676;9,44;2.872.100,00
Rio das Flores ;92;4.247,95;110,75;0,2118;38,36;899.881,50
Quatis ;46;3.350,00;104,65;0,5889;32,01;1.972.775,00
Barra do Pirai ;83;5.431,40;100,46;0,2827;54,07;1.535.675,00
Volta Redonda ;161;1.539,40;87,45;3,2568;17,6;5.013.490,00
Rio das Ostras ;72;373,6;78,9;1,7493;4,74;653.524,50
Porto Real ;44;1.013,90;69,7;1,2442;14,55;1.261.475,00
Carapebus ;58;804,7;67,5;0,3577;11,92;287.825,00
Iguaba Grande ;74;475,8;59,5;2,0143;8;958.410,00
Maricá ;68;409,79;59,46;0,8435;6,89;345.677,50
Macuco ;52;1.555,05;44,25;0,3782;35,14;588.050,00
Miguel Pereira ;27;796,13;40,48;2,2349;19,67;1.779.287,40
Engenheiro Paulo de Frontin ;56;348;33,57;2,1497;10,37;748.100,00
Conceição de Macabu ;60;270,4;27,68;2,0308;9,77;549.140,00
Cantagalo ;37;264,55;22,89;1,4291;11,56;378.067,50
Mendes ;28;221,3;20,05;3,125;11,04;691.559,50
Três Rios ;12;244,01;18,78;1,6604;12,99;405.155,10
Armação dos Búzios ;76;188,51;17,91;2,5411;10,53;479.026,00
Niterói ;21;307,4;16,2;1,4509;18,98;445.997,00
Areal ;10;189,65;15,77;1,4024;12,03;265.972,70
Comendador Levy Gasparian ;6;125,82;12,2;1,5335;10,31;192.950,60
Laje do Muriae ;16;121,4;8,5;1,9555;14,28;237.400,00
ESTADO ;53.492;3.987.005,54;139.060,52;0,5315;28,67;2.119.056.239,10
FONTE: Acompanhamento Sistemático da Produção Agrícola-ASPA,Estado do Rio de Janeiro,2019-SISTEMA AGROGEO;;;;;;
Empresade Assistência Técnica e Extensão Rural do Estado do Rio de Janeiro-EMATER-RIO/CPLAN/NIDOC;;;;;;
;;;;;;
ORDEM Decrescente de FATURAMENTO;;;;;;
MUNICÍPIOS;Nº PRODUTORES ;PRODUÇÃO COLHIDA               (t);ÁREA COLHIDA  (ha)  ;PREÇO (R$/KG);PRODUTIVIDADE (t/ha);FATURAMENTO BRUTO (R$)
Teresópolis ;5.133;174.505,79;6.269,37;1,3554;27,83;236.530.276,00
São Francisco de Itabapoana ;2.107;822.821,50;24.678,80;0,2362;33,34;194.357.950,00
Sumidouro ;4.015;101.578,24;3.743,00;1,8801;27,14;190.980.904,60
Nova Friburgo ;2.808;66.088,75;2.341,28;2,1383;28,23;141.314.641,00
Campos dos Goytacases ;2.415;1.362.368,00;31.211,30;0,0788;43,65;107.338.520,00
São José do Vale do Rio Preto ;3.755;120.828,50;3.181,25;0,7186;37,98;86.827.100,00
Araruama ;479;262.653,15;6.300,45;0,2762;41,69;72.549.292,50
Bom Jardim ;4.428;58.966,10;3.126,50;1,1429;18,86;67.390.450,00
Rio Bonito ;678;45.680,50;2.747,00;1,3969;16,63;63.811.050,00
Cambuci ;552;29.121,70;809;2,186;36;63.659.250,00
Cachoeiras de Macacu ;1.893;48.397,90;3.352,50;1,1327;14,44;54.821.330,00
Rio de Janeiro ;1.042;46.744,88;2.855,47;1,0365;16,37;48.451.762,20
Porciúncula ;1.351;58.190,10;6.185,90;0,6652;9,89;38.705.855,00
Tanguá ;535;25.440,05;1.763,63;1,3507;14,42;34.361.501,50
Mangaratiba ;387;21.742,00;2.958,00;1,5543;7,35;33.793.100,00
Trajano de Morais ;890;18.257,46;1.022,54;1,7589;17,86;32.113.882,00
São Sebastião do Alto ;570;18.656,00;530;1,6792;35,2;31.327.440,00
Paraty ;424;3.739,40;388,67;7,8662;9,62;29.414.850,00
Varre-Sai ;1.703;8.192,99;5.679,61;3,5261;1,44;28.888.962,50
Duas Barras ;1.266;27.604,96;1.201,24;0,9844;22,98;27.174.478,00
Magé ;747;12.480,65;1.096,05;1,9938;11,39;24.883.917,50
São João da Barra ;716;18.481,10;771,7;1,2742;23,95;23.547.860,00
Seropédica ;527;13.236,70;1.302,55;1,713;10,16;22.674.690,00
São José de Ubá ;604;26.412,70;531,1;0,8485;49,73;22.409.900,00
Sapucaia ;639;19.379,00;749;1,1508;25,87;22.301.450,00
Duque de Caxias ;139;12.160,46;787,53;1,8318;15,44;22.276.027,00
Valença ;203;14.439,62;448,39;1,355;32,2;19.565.976,60
Quissamã ;156;56.805,45;1.721,49;0,3375;33;19.172.130,00
Paty do Alferes ;488;10.824,09;329,31;1,764;32,87;19.093.530,70
Paraíba do Sul ;237;10.608,86;235,79;1,7008;44,99;18.043.472,40
Petrópolis ;1.161;9.721,50;423,35;1,8246;22,96;17.737.450,00
Rio Claro ;191;7.161,55;536,15;2,3595;13,36;16.897.503,90
Santa Maria Madalena ;135;12.805,07;891,95;1,3058;14,36;16.720.909,90
Vassouras ;209;6.160,30;156,38;2,7125;39,39;16.709.750,00
Silva Jardim ;384;19.422,00;1.620,00;0,7963;11,99;15.465.050,00
Angra dos Reis ;261;1.905,00;200;7,4702;9,53;14.230.750,00
Itaocara ;728;12.877,50;548;0,9783;23,5;12.597.770,00
Italva ;648;24.189,50;641,75;0,5167;37,69;12.499.111,50
Japeri ;833;8.216,00;697,7;1,5056;11,78;12.369.820,00
Guapimirim ;215;9.800,20;931,9;1,1837;10,52;11.600.930,00
Barra Mansas ;152;5.638,35;322,34;1,7293;17,49;9.750.639,60
Cabo Frio ;114;118.340,10;3.037,90;0,0797;38,95;9.426.275,00
Santo Antônio de Pádua ;250;4.060,60;194;2,2196;20,93;9.012.920,00
Bom Jesus do Itabapoana ;429;3.123,52;966,19;2,7265;3,23;8.516.198,00
Itaguaí ;147;5.930,00;543;1,3929;10,92;8.260.100,00
São Gonçalo ;340;5.789,58;300,82;1,4142;19,25;8.187.675,00
Saquarema ;351;5.760,90;755,5;1,4055;7,63;8.097.100,00
Nova Iguaçu ;863;5.373,00;558,95;1,4575;9,61;7.830.920,00
Casimiro de Abreu ;330;5.414,44;458,7;1,3979;11,8;7.569.010,00
São Pedro da Aldeia ;175;56.946,66;889,67;0,1276;64,01;7.264.029,20
Itaperuna ;340;5.925,80;319,6;1,176;18,54;6.968.920,00
Miracema ;348;19.708,44;384,46;0,3359;51,26;6.620.697,50
Carmo ;431;26.988,51;578,1;0,243;46,68;6.559.081,50
Macaé ;190;7.380,11;1.083,19;0,8741;6,81;6.450.881,00
Piraí ;106;3.350,15;406,04;1,9183;8,25;6.426.613,00
São Fidélis ;735;10.327,47;454,91;0,5934;22,7;6.127.842,80
Cordeiro ;54;4.704,00;146,05;1,2498;32,21;5.879.200,00
Itaboraí ;201;4.650,95;371,86;1,2533;12,51;5.829.165,00
Volta Redonda ;161;1.539,40;87,45;3,2568;17,6;5.013.490,00
Aperibé ;179;2.364,00;159,5;1,815;14,82;4.290.600,00
Pinheiral ;69;1.448,11;160,87;2,3681;9;3.429.266,00
Natividade ;279;13.929,38;344,09;0,2134;40,48;2.972.388,00
Resende ;180;7.731,60;179,75;0,3759;43,01;2.906.232,00
Paracambi ;119;1.118,60;118,5;2,5676;9,44;2.872.100,00
Queimados ;213;1.991,56;133,33;1,3364;14,94;2.661.510,40
Quatis ;46;3.350,00;104,65;0,5889;32,01;1.972.775,00
Miguel Pereira ;27;796,13;40,48;2,2349;19,67;1.779.287,40
Barra do Pirai ;83;5.431,40;100,46;0,2827;54,07;1.535.675,00
Porto Real ;44;1.013,90;69,7;1,2442;14,55;1.261.475,00
Iguaba Grande ;74;475,8;59,5;2,0143;8;958.410,00
Rio das Flores ;92;4.247,95;110,75;0,2118;38,36;899.881,50
Cardoso Moreira ;146;8.065,73;210,95;0,105;38,24;846.841,00
Engenheiro Paulo de Frontin ;56;348;33,57;2,1497;10,37;748.100,00
Mendes ;28;221,3;20,05;3,125;11,04;691.559,50
Rio das Ostras ;72;373,6;78,9;1,7493;4,74;653.524,50
Macuco ;52;1.555,05;44,25;0,3782;35,14;588.050,00
Conceição de Macabu ;60;270,4;27,68;2,0308;9,77;549.140,00
Armação dos Búzios ;76;188,51;17,91;2,5411;10,53;479.026,00
Niterói ;21;307,4;16,2;1,4509;18,98;445.997,00
Três Rios ;12;244,01;18,78;1,6604;12,99;405.155,10
Cantagalo ;37;264,55;22,89;1,4291;11,56;378.067,50
Maricá ;68;409,79;59,46;0,8435;6,89;345.677,50
Carapebus ;58;804,7;67,5;0,3577;11,92;287.825,00
Areal ;10;189,65;15,77;1,4024;12,03;265.972,70
Laje do Muriae ;16;121,4;8,5;1,9555;14,28;237.400,00
Comendador Levy Gasparian ;6;125,82;12,2;1,5335;10,31;192.950,60
ESTADO ;53.492;3.987.005,54;139.060,52;0,5315;28,67;2.119.056.239,10
FONTE: Acompanhamento Sistemático da Produção Agrícola-ASPA,Estado do Rio de Janeiro,2019-SISTEMA AGROGEO;;;;;;
Empresade Assistência Técnica e Extensão Rural do Estado do Rio de Janeiro-EMATER-RIO/CPLAN/NIDOC;;;;;;
NOTA 1: As informações disponibilizadas foram obtidas por estimativa a partir de observações de campo dos extensionistas;;;;;;
lotados nas equipes locais da EMATER-RIO, por meio de contatos com os produtores rurais e suas organizações, sindicatos,;;;;;;
rurais, secretarias municipais de agricultura ou equivalentes, mercados locais atacadistas e varejistas do produtor rural, feiras;;;;;;
livres do produtor rural, comércio de insumos agropecuários, produtores de mudas e imagens de satélite do Google Earth.;;;;;;
NOTA 2: Segundo Ata da Diretoria Executiva da EMATER-RIO, em 15/01/2014, os municípios de Sapucaia ;;;;;;
e São José do Vale do Rio Preto, antes pertencentes à Região Sul, passaram para a Região Serrena.;;;;;;
Rio das Ostras, antes pertencente a Região Centro, passaram para a Região Norte, levando-se em conta as;;;;;;
Regiões Administrativas da EMATER-RIO.;;;;;;
